Unnamed: 0,id,account_name,facebook_id,twitter_id,instagram_id,youtube_id,category,fb_en,tw_en,ig_en,yt_en,fb_fan,tw_fan,ig_fan,yt_fan,fb_count,tw_count,ig_count,yt_count,tot_en,tot_fan,tot_count,tier
0,a-63addc92509c11eb9aea8c8590014502,Salisa,0,0,255210,0,Influencer,0,0,200371,0,0.0,0.0,19345.0,0.0,0,0,337,0,200371,19345.0,337,Micro
1,a-63acb326509c11eb9aea8c8590014502,พลอย CocoPsyche,190316000000000,215498482,27037812,UCozLn6MYkPJ9q0rl0ePX3PA,Influencer,0,14,7983,25,0.0,95.0,9657.0,53800.0,0,20,125,2,8022,63552.0,147,Micro
2,a-63aa9820509c11eb9aea8c8590014502,Bew Varaporn,174571000000000,0,27267851,UCHxUo3oQLnND1loFjxHvOTA,Influencer,359110,0,5395207,407872,50851.0,0.0,349150.0,530000.0,1462,0,586,165,6162189,930001.0,2213,Macro
3,a-63ac7370509c11eb9aea8c8590014502,นักรีวิวสมัครเล่น,380896000000000,524057471,10836321,0,Influencer,2728275,1627744,123364,0,406403.0,92279.0,13886.0,0.0,3213,1290,283,0,4479383,512568.0,4786,Macro
4,a-63ab2c5e509c11eb9aea8c8590014502,Ninew Yopang,641443000000000,1.11924e+,19617857,UCVwOinyAQOA1it1VfaWquzQ,Influencer,0,0,14010,32,0.0,0.0,15720.0,1400.0,0,0,78,16,14042,17120.0,94,Micro
5,a-63abf256509c11eb9aea8c8590014502,lumai (@looookmai),0,8.20785e+,7636803030,0,Influencer,0,0,5251,0,0.0,0.0,890.0,0.0,0,0,51,0,5251,890.0,51,End-user
6,a-63aea7bc509c11eb9aea8c8590014502,minireview_by_mint,0,0,8563573780,0,Influencer,0,0,2399,0,0.0,0.0,1426.0,0.0,0,0,38,0,2399,1426.0,38,Nano
7,a-63aeb478509c11eb9aea8c8590014502,nanapat,0,0,3657727,0,Influencer,0,0,561674,0,0.0,0.0,30017.0,0.0,0,0,291,0,561674,30017.0,291,Micro
8,a-63ab560c509c11eb9aea8c8590014502,Pureswan,160126000000000,8.77872e+,36056065,UCyckAipioiuhPV17VUstwZQ,Influencer,0,0,65597,48814,0.0,0.0,15374.0,82700.0,0,0,97,54,114411,98074.0,151,Micro
9,a-63abda28509c11eb9aea8c8590014502,jimmakeup,137820000000000,0,346627680,UC-WQANI-MMUqIxibiVex5YA,Influencer,0,0,85920,7,0.0,0.0,82819.0,1120.0,0,0,280,1,85927,83939.0,281,Micro
10,a-63aeedbc509c11eb9aea8c8590014502,ppraewq,0,0,0,UCYGy1fRmdPun61cqHaE-kFw,Influencer,0,0,0,63688,0.0,0.0,0.0,34500.0,0,0,0,19,63688,34500.0,19,Micro
11,a-63ae63a6509c11eb9aea8c8590014502,jejee__s,0,0,1456727223,0,Influencer,0,0,207829,0,0.0,0.0,43284.0,0.0,0,0,249,0,207829,43284.0,249,Micro
12,a-63ac86a8509c11eb9aea8c8590014502,น้องนอนในห้องลองเสื้อ,2046830000000000,0,6119137522,0,Influencer,99731,0,62842,0,18954.0,0.0,3430.0,0.0,3220,0,333,0,162573,22384.0,3553,Micro
13,a-63ae1dce509c11eb9aea8c8590014502,belltatcha,0,0,184130045,0,Influencer,0,0,515922,0,0.0,0.0,136892.0,0.0,0,0,174,0,515922,136892.0,174,Macro
14,a-63abcc0e509c11eb9aea8c8590014502,iceamore,1687900000000000,7.06503e+,426993395,UCLGFZ2cDoCKZ4592XavdpaQ,Influencer,0,0,45223,2,0.0,0.0,13617.0,2890.0,0,0,227,1,45225,16507.0,228,Micro
15,a-63ad9d5e509c11eb9aea8c8590014502,Cute Anongnart,0,0,4124976,0,Influencer,0,0,2010140,0,0.0,0.0,145379.0,0.0,0,0,173,0,2010140,145379.0,173,Macro
16,a-63aaebfe509c11eb9aea8c8590014502,Jayzpanda,1588490000000000,0,266944230,0,Influencer,4925,0,6602,0,3107.0,0.0,7272.0,0.0,937,0,320,0,11527,10379.0,1257,Micro
17,a-63ac43f0509c11eb9aea8c8590014502,ของขวัญ วศินี สิทธิวรพงศ์,1396270000000000,56053982,4427688,UC-KEohy5ILW9zMKO8X4JAtw,Influencer,0,1543374,774640,29076,0.0,191546.0,81824.0,130000.0,0,1287,561,87,2347090,403370.0,1935,Macro
18,a-63ac2dc0509c11eb9aea8c8590014502,tommy_hairstylist,0,0,309196548,0,Influencer,0,0,1887,0,0.0,0.0,5986.0,0.0,0,0,91,0,1887,5986.0,91,Nano
19,a-63ab28c6509c11eb9aea8c8590014502,Netty Vichyanond,279930000000000,9.26512e+,2523488656,UC5TwpipeRp0pgbzGMLjRmtQ,Influencer,0,0,251459,163,0.0,0.0,29310.0,4970.0,0,0,469,1,251622,34280.0,470,Micro
20,a-63aa4bf4509c11eb9aea8c8590014502,Arifah KH,1225590000000000,9.88333e+,748429180,UCDuqvTkbXM4QRHYxkg-gM2A,Influencer,88782,0,502833,171075,95196.0,0.0,110071.0,399000.0,633,0,300,62,762690,604267.0,995,Macro
21,a-63ab59b8509c11eb9aea8c8590014502,Richynichakan,0,0,3498756,0,Influencer,0,0,36935,0,0.0,0.0,35730.0,0.0,0,0,218,0,36935,35730.0,218,Micro
22,a-63aa331c509c11eb9aea8c8590014502,นีน่า แพรวเพชร กาญจน์เกียรติกุล,284933000000000,300501933,15772715,UCD78d7Ql9GjulCpUctHczOw,Influencer,0,0,582382,11410,0.0,0.0,119259.0,196000.0,0,0,282,37,593792,315259.0,319,Macro
23,a-63acebc0509c11eb9aea8c8590014502,รีวิวเบๆบ้านๆ,323099000000000,8.24671e+,246510893,UCb69IedaU6SwjOQNLyM1cNw,Influencer,0,0,185,2,0.0,0.0,1153.0,81.0,0,0,5,3,187,1234.0,8,Nano
24,a-63aa39fc509c11eb9aea8c8590014502,Amy Kitiya,1585600000000000,107074665,180523346,UCSSIP-OxRpfZSCFufta3rbg,Influencer,16997501,0,1599761,828564,850838.0,0.0,337335.0,1290000.0,2487,0,233,182,19425826,2478173.0,2902,Mega
25,a-63ab0b84509c11eb9aea8c8590014502,MadamPam,292538000000000,0,637388903,UC8f28g9RvVVH1HdMq4pB1vw,Influencer,0,0,12112,392465,0.0,0.0,7305.0,953000.0,0,0,29,314,404577,960305.0,343,Macro
26,a-63ad65f0509c11eb9aea8c8590014502,โมเม นภัสสร บูรณศิริ,178051000000000,33849773,2175043,UCLHeVa_D8h-l_Y9Ww6CF_Yw,Influencer,0,32003,1180514,147833,0.0,270421.0,779728.0,225000.0,0,48,236,54,1360350,1275149.0,338,Mega
27,a-63aafb8a509c11eb9aea8c8590014502,LEEAH,487547000000000,0,24558648,UCTV27gibr60_wCvK6rJrJfA,Influencer,0,0,720969,298162,0.0,0.0,320152.0,777000.0,0,0,238,59,1019131,1097152.0,297,Mega
28,a-63ad4976509c11eb9aea8c8590014502,เอิ๊ก พีรญา ป้อมอาษา,108337000000000,63753577,30656287,UCjj2pPHTiXRcqhWNyRSqvLg,Influencer,0,165249,101908,8191,0.0,25848.0,82825.0,123000.0,0,703,331,766,275348,231673.0,1800,Macro
29,a-63ac3c84509c11eb9aea8c8590014502,ก็ฝ้ายจะรีวิว,1741850000000000,7.018e+,8744655,UCc2J6ayB7mWGUHu4rg8dTPA,Influencer,0,0,19536,18040,0.0,0.0,4782.0,20600.0,0,0,120,42,37576,25382.0,162,Micro
30,a-63aeac6c509c11eb9aea8c8590014502,mm.sharing,0,0,8675959640,0,Influencer,0,0,3584,0,0.0,0.0,3207.0,0.0,0,0,31,0,3584,3207.0,31,Nano
31,a-63adf1aa509c11eb9aea8c8590014502,The Equinox Fashion,363353000000000,2265895975,1183489885,UCYUG_4wQvoLVgJsFsaK71Zg,Influencer,0,0,27171,0,12548.0,0.0,16682.0,0.0,8,0,116,0,27171,29230.0,124,Micro
32,a-63abc182509c11eb9aea8c8590014502,hackmakeup,1452980000000000,0,45303898,UChyaJ0Ff8O5qKoFFcUJzpaw,Influencer,0,0,147215,464,0.0,0.0,63988.0,44600.0,0,0,486,1,147679,108588.0,487,Macro
33,a-63ac4044509c11eb9aea8c8590014502,ก๊อบแก๊บรีวิว,1844180000000000,3247381862,563704988,UC3fH7nkjAknw0qAFSo9UTfw,Influencer,963908,519504,251,0,401294.0,114713.0,4351.0,0.0,1048,435,2,0,1483663,520358.0,1485,Macro
34,a-63ac2668509c11eb9aea8c8590014502,teethory,1094490000000000,0,257571174,0,Influencer,0,0,31667,0,0.0,0.0,44326.0,0.0,0,0,156,0,31667,44326.0,156,Micro
35,a-63aed638509c11eb9aea8c8590014502,pearlinstyle,310636000000000,8.73014e+,7584063,UCk2v6g55RJ1sMsEE5uXtQNw,Influencer,0,0,42583,1,0.0,0.0,49044.0,4070.0,0,0,187,1,42584,53114.0,188,Micro
36,a-63ad1096509c11eb9aea8c8590014502,ออนนีเยปอ,1416880000000000,232197679,28828289,UCL8cE_NZf4okJgbxVfp0nqw,Influencer,26916,532037,154437,4316,25517.0,48467.0,12162.0,23200.0,770,885,367,19,717706,109346.0,2041,Macro
37,a-63ac4b48509c11eb9aea8c8590014502,จูน June Jellyjune,156629000000000,357932182,8085205,UC_R-zxnAveaNrMykuLmeT-Q,Influencer,0,0,289917,13061,0.0,0.0,44977.0,86600.0,0,0,326,25,302978,131577.0,351,Macro
38,a-63acdcfc509c11eb9aea8c8590014502,รีวิวมนุษย์ผิวแห้ง,147698000000000,0,5552867820,0,Influencer,688506,0,0,0,206999.0,0.0,0.0,0.0,1905,0,0,0,688506,206999.0,1905,Macro
39,a-63accd16509c11eb9aea8c8590014502,มด ดวงกมล ถิระวัฒน์,169038000000000,1.24373e+,5292755,UCNZX1IbveXhEyk6p75AwFmA,Influencer,0,0,711022,103,0.0,0.0,132796.0,75300.0,0,0,1941,6,711125,208096.0,1947,Macro
40,a-63adee30509c11eb9aea8c8590014502,Tewfortew,0,0,0,UCV2Pm71yTsj31_pTOpqlJFQ,Influencer,0,0,0,69032,0.0,0.0,0.0,40900.0,0,0,0,71,69032,40900.0,71,Micro
41,a-63af02fc509c11eb9aea8c8590014502,tonnkhaw,0,0,306735443,0,Influencer,0,0,1596099,0,0.0,0.0,63470.0,0.0,0,0,351,0,1596099,63470.0,351,Micro
42,a-63ae035c509c11eb9aea8c8590014502,Znysomm,0,0,227668800,0,Influencer,0,0,49421,0,0.0,0.0,19634.0,0.0,0,0,98,0,49421,19634.0,98,Micro
43,a-63ac6574509c11eb9aea8c8590014502,ทราย นันทวรรณ พรชัยจันทร์เพ็ญ,1.01501e+,34886734,4196834,UCdQseYZOsfJqJ3ldo9y83oA,Influencer,0,711885,454054,6884,0.0,29185.0,163719.0,129000.0,0,995,614,29,1172823,321904.0,1638,Macro
44,a-63ab6c96509c11eb9aea8c8590014502,SistaCafe,768459000000000,3122758524,3054019357,UCBprglBI3go1nm29cAYs_gw,Influencer,1800476,219222,1181732,6881,1312761.0,213719.0,313781.0,55200.0,12296,3475,547,61,3208311,1895461.0,16379,Mega
45,a-63ae6af4509c11eb9aea8c8590014502,jomjamspch,1563400000000000,1.27471e+,246950304,UCpji3RVqydGXUrjZPpDNE4w,Influencer,0,0,1668384,16344,0.0,0.0,199371.0,46300.0,0,0,203,9,1684728,245671.0,212,Macro
46,a-63aca980509c11eb9aea8c8590014502,พรีม with.peachy,0,9.32629e+,6520625973,0,Influencer,0,0,28239,0,0.0,0.0,12888.0,0.0,0,0,189,0,28239,12888.0,189,Micro
47,a-63adabbe509c11eb9aea8c8590014502,Lee Gade,0,9.9523e+,191197365,0,Influencer,0,0,10682385,0,0.0,0.0,469659.0,0.0,0,0,298,0,10682385,469659.0,298,Macro
48,a-63ae1252509c11eb9aea8c8590014502,atilalnan_,0,0,185950660,UCvTLTwZoyC_efq3tLzHh-wg,Influencer,0,0,1081073,3190,0.0,0.0,177457.0,16200.0,0,0,288,4,1084263,193657.0,292,Macro
49,a-63aa61d4509c11eb9aea8c8590014502,BEHIND the BEAUTY,563681000000000,0,0,0,Influencer,21,0,0,0,99551.0,0.0,0.0,0.0,1,0,0,0,21,99551.0,1,Micro
50,a-63ab9ba8509c11eb9aea8c8590014502,Wongnai Beauty,641318000000000,2517289794,1349491715,0,Influencer,5959284,209034,315552,0,1765046.0,39636.0,153037.0,0.0,15797,671,577,0,6483870,1957719.0,17045,Mega
51,a-63ac22b2509c11eb9aea8c8590014502,sunnyseason,282035000000,72911443,184838435,0,Influencer,0,129,22316,0,0.0,1470.0,4389.0,0.0,0,371,373,0,22445,5859.0,744,Nano
52,a-63ae7e2c509c11eb9aea8c8590014502,kapookphat,0,0,28376467,0,Influencer,0,0,3741174,0,0.0,0.0,254161.0,0.0,0,0,329,0,3741174,254161.0,329,Macro
53,a-63ad8f76509c11eb9aea8c8590014502,Brinkkty,674767000000000,8.94237e+,5686753,UC-DQaiKtl6j3Sa3X22ZDT5g,Influencer,563768,0,8796599,405511,120470.0,0.0,360480.0,409000.0,830,0,556,126,9765878,889950.0,1512,Macro
54,a-63adc3b0509c11eb9aea8c8590014502,Natt Chokejindachai,0,0,4547152,UCptF7DXtW9oxKEcLrfByCSA,Influencer,0,0,2731249,8188,0.0,0.0,173902.0,31800.0,0,0,354,6,2739437,205702.0,360,Macro
55,a-63ac1e8e509c11eb9aea8c8590014502,puffpoy,1669580000000000,83166643,272168048,UCEmaWKKjUfg147-lC76xykQ,Influencer,0,3747,257416,0,0.0,1978.0,77077.0,0.0,0,762,126,0,261163,79055.0,888,Micro
56,a-63ae8c00509c11eb9aea8c8590014502,malinmln,1832480000000000,0,14763826,UCkJVtRX8njaagjq8WKTPV9g,Influencer,0,0,3055019,1048,0.0,0.0,287637.0,45400.0,0,0,583,12,3056067,333037.0,595,Macro
57,a-63ab0f58509c11eb9aea8c8590014502,Maycry999,147891000000000,368327789,43745354112,UCjs4YZe5paS2tOGzBnjZm-g,Influencer,152,0,0,0,63589.0,0.0,0.0,0.0,3,0,0,0,152,63589.0,3,Micro
58,a-63ab90e0509c11eb9aea8c8590014502,Wannita Kumnui,311708000000000,712283688,228135956,0,Influencer,0,170299,4756,0,0.0,4484.0,2464.0,0.0,0,921,41,0,175055,6948.0,962,Nano
59,a-63abebb2509c11eb9aea8c8590014502,lifestylehattaya70,536332000000000,1159699309,13696736,UCEHfXk6y24FLRRhRAnNBB8w,Influencer,463544,128,415649,44502,200129.0,5625.0,102470.0,358000.0,701,23,256,72,923823,666224.0,1052,Macro
60,a-63ae1676509c11eb9aea8c8590014502,bampchr,0,0,354528948,0,Influencer,0,0,383233,0,0.0,0.0,39551.0,0.0,0,0,129,0,383233,39551.0,129,Micro
61,a-63ac0480509c11eb9aea8c8590014502,minipuly,0,102077837,188054517,0,Influencer,0,901,7057,0,0.0,310.0,1412.0,0.0,0,721,264,0,7958,1722.0,985,Nano
62,a-63ad3ad0509c11eb9aea8c8590014502,เมย์ Me.Melissa,130830000000000,0,14845682,UChILlUbUNDg43dC4simkOGQ,Influencer,0,0,8144,126,0.0,0.0,19787.0,93000.0,0,0,78,3,8270,112787.0,81,Macro
63,a-63ab1336509c11eb9aea8c8590014502,Mejungwon Hair Salon,135540000000000,0,26796359,0,Influencer,16404,0,3433,0,36326.0,0.0,1970.0,0.0,4332,0,700,0,19837,38296.0,5032,Micro
64,a-63adb8c0509c11eb9aea8c8590014502,Meiyong Pissini,0,0,187536725,0,Influencer,0,0,389102,0,0.0,0.0,40703.0,0.0,0,0,552,0,389102,40703.0,552,Micro
65,a-63ad542a509c11eb9aea8c8590014502,แพรี่พาย อมตา จิตตะเสนีย์,114259000000000,52735111,4915793,UClUvc8qo1lFGorR1fWBecug,Influencer,0,0,3056161,0,0.0,0.0,1543955.0,0.0,0,0,251,0,3056161,1543955.0,251,Mega
66,a-63ad9494509c11eb9aea8c8590014502,Bybambiandmashi,0,0,6649151549,0,Influencer,0,0,45696,0,0.0,0.0,21981.0,0.0,0,0,125,0,45696,21981.0,125,Micro
67,a-63ad24fa509c11eb9aea8c8590014502,อีฟ Evefee,592279000000000,7.23133e+,2309138,UCCX0QN6e4RqXraBT-N-9OLw,Influencer,0,0,500443,37014,0.0,0.0,62628.0,195000.0,0,0,505,83,537457,257628.0,588,Macro
68,a-63aaf37e509c11eb9aea8c8590014502,Jeban.com,156797000000,625675501,189792924,UCc5kIQs5wxEQKK0WqHv1nvQ,Influencer,1052657,659782,21316,0,1289326.0,299177.0,113617.0,0.0,3060,455,226,0,1733755,1702120.0,3741,Mega
69,a-63ada0f6509c11eb9aea8c8590014502,Frennicha,1813490000000000,2562605444,7602514,UCRGpltBRQ4FMkZZDijjUoTw,Influencer,0,75386,1659084,45848,0.0,22216.0,141037.0,147000.0,0,93,419,57,1780318,310253.0,569,Macro
70,a-63af14ae509c11eb9aea8c8590014502,ต้นหลิว,0,0,205904256,0,Influencer,0,0,1356807,0,0.0,0.0,134086.0,0.0,0,0,176,0,1356807,134086.0,176,Macro
71,a-63ac0868509c11eb9aea8c8590014502,nattiw,201199000000000,1.1224e+,309913185,UCoRz8-NVLdDVB2yhheyXzDw,Influencer,0,0,251340,136,0.0,0.0,92054.0,350.0,0,0,685,2,251476,92404.0,687,Micro
72,a-63ab3938509c11eb9aea8c8590014502,Noyneung Makeup,530000000000000,394902055,5117230,UCGt02SBZBRIOMjdBNN58M5w,Influencer,117723,386334,610519,247243,115998.0,57908.0,71728.0,166000.0,725,413,484,146,1361819,411634.0,1768,Macro
73,a-63abafd0509c11eb9aea8c8590014502,armmakeup,164912000000000,4779372667,15935462,UCtF2i2so6wgrGDnkW73UEKA,Influencer,0,0,119778,1896,0.0,0.0,219385.0,132000.0,0,0,438,31,121674,351385.0,469,Macro
74,a-63ac0c32509c11eb9aea8c8590014502,nongchat,511099000000000,1.01658e+,54310721,UCXTQCl4F8GPjKZE7P4Mz8Vw,Influencer,0,0,6045250,0,0.0,0.0,1186150.0,0.0,0,0,1982,0,6045250,1186150.0,1982,Mega
75,a-63ad41f6509c11eb9aea8c8590014502,เอกพงษ์ จิงหะรานนท์ Lookpad_misazaki,809845000000000,0,3289579288,UCaskfbBmp8b3NxzHmAc5c3Q,Influencer,0,0,3894,8454,0.0,0.0,1973.0,63000.0,0,0,75,28,12348,64973.0,103,Micro
76,a-63ad1b4a509c11eb9aea8c8590014502,อาชิ อาชิตา ศิริภิญญานนท์,917347000000000,89195602,9247913,UClshsyv7mLwBxLLfSSwLAFQ,Influencer,0,130507,11771417,172144,0.0,93265.0,1309225.0,1310000.0,0,196,520,64,12074068,2712490.0,780,Mega
77,a-63acd108509c11eb9aea8c8590014502,มอส ธนพร พลโกษฐ์,150276000000000,8.86166e+,8170072,UCGVGhC7bxY2XDyYKALihKkw,Influencer,0,0,921443,26437,0.0,0.0,180158.0,325000.0,0,0,330,28,947880,505158.0,358,Macro
78,a-63ac9292509c11eb9aea8c8590014502,บ้าคสอจนผัวไม่ทน(@ngamdemarco),0,8.05642e+,528069143,0,Influencer,0,0,27417,0,0.0,0.0,31230.0,0.0,0,0,245,0,27417,31230.0,245,Micro
79,a-63add1f2509c11eb9aea8c8590014502,Pook Jongkol,0,146014225,14215398,0,Influencer,0,0,243369,0,0.0,0.0,48223.0,0.0,0,0,829,0,243369,48223.0,829,Micro
80,a-63ab2538509c11eb9aea8c8590014502,NampunMakeup,324994000000000,0,29223486,UC9t_sVGOGtt1YhKXnyv3-8Q,Influencer,0,0,16633,53,0.0,0.0,50900.0,16.0,0,0,220,8,16686,50916.0,228,Micro
81,a-63ae9290509c11eb9aea8c8590014502,manasaproyy,0,7.09664e+,4687257,0,Influencer,0,0,9814540,0,0.0,0.0,592326.0,0.0,0,0,433,0,9814540,592326.0,433,Macro
82,a-63af0da6509c11eb9aea8c8590014502,zphez,0,0,184553020,0,Influencer,0,0,13056,0,0.0,0.0,4265.0,0.0,0,0,44,0,13056,4265.0,44,Nano
83,a-63abd320509c11eb9aea8c8590014502,iiitoei,836425000000000,164997198,6511987,UCZiAt5qT4xFeP6SsPa05VMg,Influencer,0,108431,26859995,174511,0.0,45849.0,1695319.0,436000.0,0,39,494,31,27142937,2177168.0,564,Mega
84,a-63ad5092509c11eb9aea8c8590014502,แป้ง สุอารี ทรรศนกุลพันธ์,128999000000000,216277418,1768147,UCYSVutXNhzIYfIVaQIZCHBA,Influencer,0,628594,375444,1966,0.0,46719.0,75966.0,117000.0,0,517,558,47,1006004,239685.0,1122,Macro
85,a-63aebf40509c11eb9aea8c8590014502,neayranchana,0,0,24571922,0,Influencer,0,0,199184,0,0.0,0.0,17006.0,0.0,0,0,251,0,199184,17006.0,251,Micro
86,a-63aa47ee509c11eb9aea8c8590014502,Alie BlackCobra,244139000000000,119021969,245802919,UCfvE_OawmisG9gRJHrmlbdA,Influencer,510072,20192,6261151,342158,218223.0,16832.0,350994.0,585000.0,197,48,351,79,7133573,1171049.0,675,Mega
87,a-63ab522e509c11eb9aea8c8590014502,PuPe_so_Sweet,139505000000000,239073089,30609080,UCQHcD7YrlnEacXTMnEcZbpA,Influencer,2050561,1164,83591,1252,139188.0,1073.0,35671.0,37400.0,2252,45,298,4,2136568,213332.0,2599,Macro
88,a-63aa9e1a509c11eb9aea8c8590014502,Blacklist Secret,261152000000000,8.74518e+,3084195394,UCa3khDvSHsalEkY-JFIg2HA,Influencer,1951242,0,2482949,177925,528087.0,0.0,104769.0,195000.0,2283,0,575,100,4612116,827856.0,2958,Macro
89,a-63acb7f4509c11eb9aea8c8590014502,พลอยชมพู วัชรเจริญพงษ์,1417240000000000,8.69983e+,0,UCk-ge9Qgp0cf9-nh5ue-QkA,Influencer,0,0,0,239990,0.0,0.0,0.0,1340000.0,0,0,0,88,239990,1340000.0,88,Mega
90,a-63ab4464509c11eb9aea8c8590014502,Pekky the angel,0,9.26444e+,1575644336,UC3VY3aAKPIKiVAzjqGRRqOw,Influencer,0,0,30904,1276,0.0,0.0,7109.0,62600.0,0,0,239,15,32180,69709.0,254,Micro
91,a-63ab3ff0509c11eb9aea8c8590014502,Pairyinwonderland,556422000000000,73413214,9376923,UC41xhfgqvw2xqrMVo562YOA,Influencer,14351,123,76378,3439,35562.0,1391.0,43031.0,25100.0,572,9,342,28,94291,105084.0,951,Macro
92,a-63ac9e0e509c11eb9aea8c8590014502,ป้าพิม - PaPim,213570000000000,0,184443978,UCdqZrl1jufvqdy8NzJT3SiA,Influencer,0,0,54914,793,0.0,0.0,55210.0,113000.0,0,0,842,35,55707,168210.0,877,Macro
93,a-63ac8a68509c11eb9aea8c8590014502,บลอสซั่ม ชนัญชิดา รุ่งเพชรรัตน์,1146230000000000,0,15177488,UCTFrGr-J2DIcZ1zTwD3fs1g,Influencer,0,0,1224303,1112,0.0,0.0,279760.0,11300.0,0,0,292,4,1225415,291060.0,296,Macro
94,a-63ab85e6509c11eb9aea8c8590014502,Unfull ice,687096000000000,0,9586853,UCKtut2biCkYc4xSOktZPlRA,Influencer,0,0,3840,1859,0.0,0.0,2155.0,27600.0,0,0,95,46,5699,29755.0,141,Micro
95,a-63aca1ce509c11eb9aea8c8590014502,ป๊อบ ปิยนุช จิตตินันทน์,1549210000000000,860881020,10602843,UCet02mk2Fsh3-ajrYt1TtgQ,Influencer,0,1121795,1140375,115016,0.0,46974.0,227951.0,374000.0,0,1142,403,61,2377186,648925.0,1606,Macro
96,a-63aa7110509c11eb9aea8c8590014502,Beauty By Orangina,147873000000000,14931515,173944545,UC2nBysXqkvXzmI9Ob_THcTA,Influencer,165261,27003,18750,4746,153894.0,1837.0,23997.0,29900.0,4982,1359,693,88,215760,209628.0,7122,Macro
97,a-63aa2dae509c11eb9aea8c8590014502,Babyjingko,625248000000000,8.63009e+,11681544,UCWd2wItku4keNUqhAEsMtUA,Influencer,349575,0,4504998,374729,101374.0,0.0,188153.0,466000.0,958,0,431,73,5229302,755527.0,1462,Macro
98,a-63ae5870509c11eb9aea8c8590014502,gynegene,161802000000000,727129603,15861016,UC0WIGVFwWE8zSDc0pRoK6_g,Influencer,0,134075,531780,50256,0.0,13345.0,90856.0,110000.0,0,59,365,20,716111,214201.0,444,Macro
99,a-63acfb4c509c11eb9aea8c8590014502,วาเลนไทน์ Vvalentines,384339000000000,0,3695317,UCtbm6yIG8ghstCdutatBWaw,Influencer,0,0,1360382,37508,0.0,0.0,122593.0,147000.0,0,0,378,80,1397890,269593.0,458,Macro
100,a-63b41346509c11eb9aea8c8590014502,พยูนบูด,350706000000000,2975145770,323760940,0,Food,0,1132188,556,0,0.0,34134.0,3185.0,0.0,0,1895,14,0,1132744,37319.0,1909,Micro
101,a-63b26de8509c11eb9aea8c8590014502,หญิงชรา กะ หมาน้อย,658408000000000,0,0,0,Food,4599836,0,0,0,277520.0,0.0,0.0,0.0,1133,0,0,0,4599836,277520.0,1133,Macro
102,a-63b39d8a509c11eb9aea8c8590014502,janyonce,0,0,20687842,0,Food,0,0,451496,0,0.0,0.0,18168.0,0.0,0,0,982,0,451496,18168.0,982,Micro
103,a-63b35b40509c11eb9aea8c8590014502,Let's Eat Thailand กิน/เที่ยว/ที่เดียวครบ,119805000000000,0,2016778380,UC7aIeH8ehehGKVmpGBgDLYg,Food,98320,0,318,892,99534.0,0.0,1430.0,8840.0,4243,0,22,28,99530,109804.0,4293,Macro
104,a-63b2836e509c11eb9aea8c8590014502,ไชโย โอป้า,1646290000000000,0,0,0,Food,186726,0,0,0,143003.0,0.0,0.0,0.0,242,0,0,0,186726,143003.0,242,Macro
105,a-63b18130509c11eb9aea8c8590014502,papeega Channel,0,0,0,UCYSDqoD0b8kYAQmIPAU1cBQ,Food,0,0,0,6667,0.0,0.0,0.0,5910.0,0,0,0,146,6667,5910.0,146,Nano
106,a-63b33e80509c11eb9aea8c8590014502,ITAN - แทนไร้เทียมทาน,269422000000000,0,76394,0,Food,5954,0,79858,0,20060.0,0.0,113666.0,0.0,48,0,99,0,85812,133726.0,147,Macro
107,a-63b11bc8509c11eb9aea8c8590014502,I proong ไอ้ปรุง,187404000000000,0,0,UCEEX3ERTaRA0t9sK5bB4-nA,Food,0,0,0,21026,0.0,0.0,0.0,46100.0,0,0,0,37,21026,46100.0,37,Micro
108,a-63b43786509c11eb9aea8c8590014502,อ้วน,1637750000000000,0,0,0,Food,9249551,0,0,0,1768008.0,0.0,0.0,0.0,12745,0,0,0,9249551,1768008.0,12745,Mega
109,a-63b17460509c11eb9aea8c8590014502,laila chill chill,0,0,0,UCE9UPm545vAPaQ3jRflGxoA,Food,0,0,0,4730,0.0,0.0,0.0,2770.0,0,0,0,92,4730,2770.0,92,Nano
110,a-63b240c0509c11eb9aea8c8590014502,ครัวมนุษย์ป้า คุณป้า ปอมปอม,950875000000000,0,0,UCCk0kJW2kXjz7dt5R8WPf5Q,Food,365256,0,0,15945,104735.0,0.0,0.0,141000.0,502,0,0,260,381201,245735.0,762,Macro
111,a-63b30c76509c11eb9aea8c8590014502,GZR Gozziira,1832860000000000,0,0,UCjadGsibffELN44emJ-ECbQ,Food,113589,0,0,467847,15790.0,0.0,0.0,914000.0,383,0,0,59,581436,929790.0,442,Macro
112,a-63b36a5e509c11eb9aea8c8590014502,Marefood,515470000000000,9.94142e+,2967701255,0,Food,19270,0,982131,0,138633.0,0.0,90990.0,0.0,678,0,417,0,1001401,229623.0,1095,Macro
113,a-63b0a602509c11eb9aea8c8590014502,Wongnai Cooking,695546000000000,0,0,0,Food,13165082,0,0,0,2921897.0,0.0,0.0,0.0,13475,0,0,0,13165082,2921897.0,13475,Mega
114,a-63b0853c509c11eb9aea8c8590014502,PHOLFOODMAFIA,105991000000000,0,273815116,UCNC9SZbiXvAZB6KLZwB5uxg,Food,0,0,390974,64492,0.0,0.0,96962.0,515000.0,0,0,737,756,455466,611962.0,1493,Macro
115,a-63b1d874509c11eb9aea8c8590014502,สร้างสรรค์เมนูไข่,0,0,573810825,0,Food,0,0,10583,0,0.0,0.0,19286.0,0.0,0,0,129,0,10583,19286.0,129,Micro
116,a-63b137e8509c11eb9aea8c8590014502,Maeban,0,0,1995923138,0,Food,0,0,251607,0,0.0,0.0,174769.0,0.0,0,0,398,0,251607,174769.0,398,Macro
117,a-63b0e5a4509c11eb9aea8c8590014502,Apiinz Channel,0,0,0,UC1-kyHbf4FABcUpK10uNtzw,Food,0,0,0,3295,0.0,0.0,0.0,2910.0,0,0,0,51,3295,2910.0,51,Nano
118,a-63b25920509c11eb9aea8c8590014502,มนุษย์ต่างวัย,158639000000000,0,0,UC97zELEpuueIF7L150dD55Q,Food,1901899,0,0,9260,250730.0,0.0,0.0,16900.0,381,0,0,140,1911159,267630.0,521,Macro
119,a-63b384da509c11eb9aea8c8590014502,OpenRice Thailand,133634000000000,252402083,104852692,UCt3yoxzt1lAGW5yOcDxTD3w,Food,8792,0,0,0,832492.0,0.0,0.0,0.0,354,0,0,0,8792,832492.0,354,Macro
120,a-63b0f2f6509c11eb9aea8c8590014502,BORN TO BEER,105147000000000,0,0,UCs0bXxFl5nTBA0TIl9ylVQQ,Food,0,0,0,58618,0.0,0.0,0.0,82700.0,0,0,0,40,58618,82700.0,40,Micro
121,a-63b2bfbe509c11eb9aea8c8590014502,Cony Cry,110684000000000,0,0,UCZoqX0rzvzhceYkW7kZW-tg,Food,186,0,0,127412,963.0,0.0,0.0,147000.0,1,0,0,49,127598,147963.0,50,Macro
122,a-63b0d424509c11eb9aea8c8590014502,ศุภชัย เสมอมิตร โหน่งโชว์2,682300000000000,0,0,UCl9RgD6kroIYr4iuLOLFrxQ,Food,0,0,0,401770,0.0,0.0,0.0,880000.0,0,0,0,350,401770,880000.0,350,Macro
123,a-63b26456509c11eb9aea8c8590014502,สูงวัย,129873000000000,0,0,0,Food,14337,0,0,0,14212.0,0.0,0.0,0.0,285,0,0,0,14337,14212.0,285,Micro
124,a-63b4309c509c11eb9aea8c8590014502,หม่อมถนัดแดก,1734930000000000,0,0,UC_iF8sFFnZDDcqe9VnSzyRA,Food,20402363,0,0,3582919,1350786.0,0.0,0.0,3780000.0,3252,0,0,130,23985282,5130786.0,3382,Mega
125,a-63b08190509c11eb9aea8c8590014502,Jessiescape,159892000000000,0,0,UCik1aDcrJEUIyg8GT3Fcpcw,Food,48077,0,0,57615,26259.0,0.0,0.0,315000.0,70,0,0,26,105692,341259.0,96,Macro
126,a-63b448b6509c11eb9aea8c8590014502,แดก,180898000000000,0,0,0,Food,3044129,0,0,0,1131499.0,0.0,0.0,0.0,9437,0,0,0,3044129,1131499.0,9437,Mega
127,a-63b0ef5e509c11eb9aea8c8590014502,Aumfooddiary,1813900000000000,0,6347615,UCO4HZrxJOy0lkztHi9afCbQ,Food,2015,0,414535,164,617.0,0.0,189835.0,544.0,1547,0,730,121,416714,190996.0,2398,Macro
128,a-63b19670509c11eb9aea8c8590014502,กินได้อร่อยด้วย,1678510000000000,0,0,UC4ffck2VmDdcinC4MaZw-gg,Food,9199872,0,0,857305,316687.0,0.0,0.0,1510000.0,436,0,0,168,10057177,1826687.0,604,Mega
129,a-63b342f4509c11eb9aea8c8590014502,Icedessertdiary,472064000000000,7.38748e+,1833059653,0,Food,9234,0,1408796,0,36841.0,0.0,239603.0,0.0,1303,0,490,0,1418030,276444.0,1793,Macro
130,a-63b30ff0509c11eb9aea8c8590014502,Ginyuudai - กินอยู่ได้,105962000000000,1.16372e+,2186246883,0,Food,23,0,2663148,0,23239.0,0.0,334594.0,0.0,98,0,677,0,2663171,357833.0,775,Macro
131,a-63b0dea6509c11eb9aea8c8590014502,หิวมั้ย,1775550000000000,0,0,0,Food,89,0,0,0,1126.0,0.0,0.0,0.0,16,0,0,0,89,1126.0,16,Nano
132,a-63b23292509c11eb9aea8c8590014502,The Charapaabs,957725000000000,0,0,0,Food,332,0,0,0,5864.0,0.0,0.0,0.0,7,0,0,0,332,5864.0,7,Nano
133,a-63b27194509c11eb9aea8c8590014502,หนูนาสวีเดน แฟนเฟจ Noona Sweden,1419820000000000,0,0,UCZQ2uM3dTLCEFH4gWIswLvQ,Food,0,0,0,15438,0.0,0.0,0.0,563000.0,0,0,0,346,15438,563000.0,346,Macro
134,a-63b214b0509c11eb9aea8c8590014502,ไทยสุรินทร์ กินแซบๆ,0,0,0,UCATFgJlj0xlxkBq5NNTE0Ag,Food,0,0,0,49078,0.0,0.0,0.0,47900.0,0,0,0,145,49078,47900.0,145,Micro
135,a-63b39682509c11eb9aea8c8590014502,Sweetlists,750372000000000,2733423090,1322379403,0,Food,1022571,4,476366,0,175045.0,172.0,227291.0,0.0,1046,3,222,0,1498941,402508.0,1271,Macro
136,a-63b45676509c11eb9aea8c8590014502,ไปกินข้าว Paikinkao,1940650000000000,0,5670624776,0,Food,2290,0,879,0,122329.0,0.0,605.0,0.0,560,0,97,0,3169,122934.0,657,Macro
137,a-63b2a6fa509c11eb9aea8c8590014502,Bim กินแหลกล้างโลก,297232000000000,1.25611e+,261674547,UClYUGArmbmofNjaVSrShZZQ,Food,46809,0,94570,25044,7392.0,0.0,6468.0,18300.0,394,0,242,29,166423,32160.0,665,Micro
138,a-63b3a10e509c11eb9aea8c8590014502,korean everyday - เกาหลีวันละนิดจิตแจ่มใส,110109000000000,1.23374e+,31048489725,0,Food,221028,0,3392,0,54916.0,0.0,2026.0,0.0,1230,0,70,0,224420,56942.0,1300,Micro
139,a-63b1343c509c11eb9aea8c8590014502,Madame Tuang,0,0,22682438,0,Food,0,0,149232,0,0.0,0.0,32084.0,0.0,0,0,834,0,149232,32084.0,834,Micro
140,a-63b162cc509c11eb9aea8c8590014502,TomJoke Foodtv,0,0,359697721,0,Food,0,0,275,0,0.0,0.0,445.0,0.0,0,0,43,0,275,445.0,43,End-user
141,a-63b1c6ae509c11eb9aea8c8590014502,ทําเอง กินเอง Byแม่Milko_o,0,0,0,UC5efxC2RQFVS2PIrEZOb19g,Food,0,0,0,786905,0.0,0.0,0.0,603000.0,0,0,0,136,786905,603000.0,136,Macro
142,a-63b15bba509c11eb9aea8c8590014502,Sunny Channel,632632000000000,0,0,UCp0qddOpNtXJTZxrFyyMH1w,Food,0,0,0,714,0.0,0.0,0.0,29500.0,0,0,0,118,714,29500.0,118,Micro
143,a-63b278c4509c11eb9aea8c8590014502,เพื่อนคนไทยวัยเกษียณ,1975150000000000,0,0,0,Food,9,0,0,0,116.0,0.0,0.0,0.0,21,0,0,0,9,116.0,21,End-user
144,a-63b2ae16509c11eb9aea8c8590014502,C A F E i S M,1242270000000000,0,13572586492,0,Food,12844,0,0,0,22615.0,0.0,0.0,0.0,152,0,0,0,12844,22615.0,152,Micro
145,a-63b1eecc509c11eb9aea8c8590014502,อร่อยนัวร์ [Aroy N],710857000000000,0,0,UCbxJz2OUs1_reYSa5xrUf0Q,Food,0,0,0,687388,0.0,0.0,0.0,179000.0,0,0,0,201,687388,179000.0,201,Macro
146,a-63b18bda509c11eb9aea8c8590014502,yingworldfood,687117000000000,1.13885e+,976658256,UCx7hxztEvw4dNz2nFzCUOrA,Food,0,0,1175332,11,0.0,0.0,297987.0,430.0,0,0,688,2,1175343,298417.0,690,Macro
147,a-63b1bf88509c11eb9aea8c8590014502,ตุ้ยลุยครัว,0,0,1517664728,UCGAV4qTPZz5HSnF6ebWgIew,Food,0,0,307449,64,0.0,0.0,351672.0,221.0,0,0,138,9,307513,351893.0,147,Macro
148,a-63b392f4509c11eb9aea8c8590014502,Starving Time,619492000000000,2868588084,308702578,UCEPwlU59eA7jJ_wS2jr1RVQ,Food,0,59622,1210304,165805,0.0,75816.0,1490666.0,364000.0,0,700,857,147,1435731,1930482.0,1704,Mega
149,a-63b15106509c11eb9aea8c8590014502,Ploy Style,108334000000000,0,0,0,Food,31,0,0,0,246.0,0.0,0.0,0.0,10,0,0,0,31,246.0,10,End-user
150,a-63b3bfa4509c11eb9aea8c8590014502,กินตามโปร,1663370000000000,9.49848e+,4018437411,0,Food,490662,0,277,0,352540.0,0.0,2098.0,0.0,5203,0,15,0,490939,354638.0,5218,Macro
151,a-63b203e4509c11eb9aea8c8590014502,เชฟนุ่น So Sweet By ChefNuN,0,0,1354654657,0,Food,0,0,5332,0,0.0,0.0,13751.0,0.0,0,0,28,0,5332,13751.0,28,Micro
152,a-63b35140509c11eb9aea8c8590014502,Kia Zaab,741899000000000,9.70347e+,1691704933,UCbuh_R4v3uLz9kVREf8SVoQ,Food,0,0,15006,419846,0.0,0.0,6352.0,434000.0,0,0,34,86,434852,440352.0,120,Macro
153,a-63b0b476509c11eb9aea8c8590014502,ครัวแล้วแต่เอ๋จ้าา,423464000000000,0,0,UCQkGSphabaPI9ug2TLw_7dQ,Food,1768653,0,0,4215,1370408.0,0.0,0.0,115000.0,338,0,0,86,1772868,1485408.0,424,Mega
154,a-63b3f9d8509c11eb9aea8c8590014502,ตี๋อ้วนชวนหิว,102239000000000,0,11347858,UCFNQT1BGWK1Y3qfvrhTHqwg,Food,365461,0,23076,16579,147135.0,0.0,8404.0,62700.0,3086,0,253,125,405116,218239.0,3464,Macro
155,a-63b346d2509c11eb9aea8c8590014502,Japaikin จะไปกิน,187585000000000,3227183821,2008504843,UCMBKjRTI7nKHgu2e3mRg1wA,Food,21546,73645,267,0,77228.0,102837.0,1556.0,2030.0,167,227,12,1,95458,183651.0,407,Macro
156,a-63b3ef7e509c11eb9aea8c8590014502,ชีวิตติดรีวิว,1621280000000000,7.1868e+,3216905707,UCYRRLAoGQgB8UkQrndy5gdg,Food,28377699,0,777770,162235,3811846.0,0.0,532032.0,371000.0,9720,0,687,1011,29317704,4714878.0,11418,Mega
157,a-63b2b528509c11eb9aea8c8590014502,Cafe Story : รีวิวคาเฟ่ ทุกวัน,371942000000000,75054509,8713945623,0,Food,6070807,222695,922810,0,1736497.0,1392132.0,145187.0,0.0,18968,563,592,0,7216312,3273816.0,20123,Mega
158,a-63b0cd26509c11eb9aea8c8590014502,ล้างตู้เย็น,1652040000000000,0,0,0,Food,1550329,0,0,0,1305955.0,0.0,0.0,0.0,869,0,0,0,1550329,1305955.0,869,Mega
159,a-63b071a0509c11eb9aea8c8590014502,EAT Matters : by หมอตั้ม,202386000000000,0,0,0,Food,78190,0,0,0,103022.0,0.0,0.0,0.0,234,0,0,0,78190,103022.0,234,Macro
160,a-63b2efca509c11eb9aea8c8590014502,FOOD BLOG BKK,616388000000000,1.00699e+,1813752705,0,Food,799305,0,2535269,0,546259.0,0.0,165040.0,0.0,2990,0,1003,0,3334574,711299.0,3993,Macro
161,a-63b291a6509c11eb9aea8c8590014502,น้าอ้วนชวนหิว by Wongnai,343692000000000,508774684,218513857,0,Food,2376177,20714,103425,0,545025.0,34467.0,140710.0,0.0,6415,383,296,0,2500316,720202.0,7094,Macro
162,a-63b34b64509c11eb9aea8c8590014502,KP ตะลอนแหลก,569612000000000,155500779,7272381323,UCtdkI82J-fAyd7mVSRPhWOw,Food,9471830,107352,1182911,9700,1285041.0,2348.0,50801.0,11000.0,13811,246,569,94,10771793,1349190.0,14720,Mega
163,a-63afc25a509c11eb9aea8c8590014502,KRUA.CO by sangdad,457252000000000,9.53198e+,490316826,UCk0_G2W4TrSAUY5RvNESExQ,Food,547419,0,31413,83003,450741.0,0.0,19766.0,437000.0,3301,0,233,224,661835,907507.0,3758,Macro
164,a-63b179c4509c11eb9aea8c8590014502,mine สะใภ้ตุรกี,0,0,0,UCWmJgkGcoOCiizgcuW-fkig,Food,0,0,0,256492,0.0,0.0,0.0,96300.0,0,0,0,217,256492,96300.0,217,Micro
165,a-63b192ec509c11eb9aea8c8590014502,กับข้าวกับปลาโอ Plaocooking,758977000000000,0,6916356845,UCsUtjQKoCERAMpOmQKU26RA,Food,81663726,0,7636,1186802,7048969.0,0.0,7708.0,1970000.0,918,0,23,253,82858164,9026677.0,1194,Mega
166,a-63b35f00509c11eb9aea8c8590014502,Lullafoods,1584230000000000,7.95309e+,1407288514,UCxKihqN9GYqEYAfp48WMbiw,Food,92127,0,704,10,65866.0,0.0,2389.0,133.0,1234,0,33,1,92841,68388.0,1268,Micro
167,a-63b2d0ee509c11eb9aea8c8590014502,Eat Here,657926000000000,0,1592458612,0,Food,3370932,0,2641421,0,654958.0,0.0,299603.0,0.0,15942,0,1131,0,6012353,954561.0,17073,Macro
168,a-63b2d648509c11eb9aea8c8590014502,Eat Lek Lek,185130000000000,9.46562e+,21138307,0,Food,20619,0,1077895,0,19407.0,0.0,178615.0,0.0,612,0,409,0,1098514,198022.0,1021,Macro
169,a-63b0c628509c11eb9aea8c8590014502,พาทำ พาทาน,168286000000000,0,0,UCnXiBuuvfE53NG92rffDS5Q,Food,8957878,0,0,1659,2701531.0,0.0,0.0,7290.0,1494,0,0,15,8959537,2708821.0,1509,Mega
170,a-63b0995a509c11eb9aea8c8590014502,ST Cooking,1319020000000000,0,0,0,Food,933770,0,0,0,1642390.0,0.0,0.0,0.0,2451,0,0,0,933770,1642390.0,2451,Mega
171,a-63b37dbe509c11eb9aea8c8590014502,MyQuest,108070000000000,0,0,UCoea0oWviczbjBpbxuP5h7w,Food,0,0,0,387202,0.0,0.0,0.0,236000.0,0,0,0,78,387202,236000.0,78,Macro
172,a-63b25510509c11eb9aea8c8590014502,ตายายสอนหลาน,1853130000000000,0,0,UC8ZofBq1vvxTrnv8lAlW5PQ,Food,815544,0,0,1425,251797.0,0.0,0.0,3620.0,363,0,0,22,816969,255417.0,385,Macro
173,a-63b3e1aa509c11eb9aea8c8590014502,กินไปเหอะ,302141000000000,1.13795e+,8739794978,0,Food,7662125,0,24734,0,575600.0,0.0,12031.0,0.0,5424,0,87,0,7686859,587631.0,5511,Macro
174,a-63b126f4509c11eb9aea8c8590014502,KLANG KITCHEN,0,0,0,UCD3NAVZLz-wcAwXcqYtXaWw,Food,0,0,0,905,0.0,0.0,0.0,1950.0,0,0,0,11,905,1950.0,11,Nano
175,a-63b3765c509c11eb9aea8c8590014502,Mawinfinferrr,458176000000000,0,1291852857,UC-Ns489h7BKZIgrbDm7ge-Q,Food,24077771,0,7395343,419890,940636.0,0.0,486809.0,353000.0,607,0,475,196,31893004,1780445.0,1278,Mega
176,a-63b170dc509c11eb9aea8c8590014502,finfincooking,0,0,1162033355,UCY43hRVkn0HJw99acoJvxqg,Food,0,0,1413567,1199,0.0,0.0,700412.0,11000.0,0,0,248,75,1414766,711412.0,323,Macro
177,a-63b13086509c11eb9aea8c8590014502,MENUZAPZAP,109542000000000,0,0,UCMJN3MEfjLf2D79h8626Grw,Food,0,0,0,1627,0.0,0.0,0.0,501.0,0,0,0,57,1627,501.0,57,End-user
178,a-63b1582c509c11eb9aea8c8590014502,Sek Food&DIY Sek Food&DIY,0,0,0,UCMGPnUnEY1tSRy17puVSSOw,Food,0,0,0,20342,0.0,0.0,0.0,144000.0,0,0,0,178,20342,144000.0,178,Macro
179,a-63b16650509c11eb9aea8c8590014502,aimmafiaz,0,0,1506195983,0,Food,0,0,1462052,0,0.0,0.0,474781.0,0.0,0,0,558,0,1462052,474781.0,558,Macro
180,a-63b04db0509c11eb9aea8c8590014502,Chef Gai Thanunya,370797000000000,0,0,0,Food,207350,0,0,0,121548.0,0.0,0.0,0.0,144,0,0,0,207350,121548.0,144,Macro
181,a-63b1f750509c11eb9aea8c8590014502,เข้าครัวกัน Chanel,110562000000000,0,0,UCn2JVS26om4lXo4zj3gdY6A,Food,14727,0,0,4207,727.0,0.0,0.0,1030.0,30,0,0,11,18934,1757.0,41,Nano
182,a-63b05bac509c11eb9aea8c8590014502,Chef Nan - เชฟน่าน,167948000000000,0,0,0,Food,159258,0,0,0,147533.0,0.0,0.0,0.0,288,0,0,0,159258,147533.0,288,Macro
183,a-63b38854509c11eb9aea8c8590014502,PPgallery,683770000000000,8.2381e+,13829474,UCSg5CAlH-heln5MjnqUL0GA,Food,0,0,994549,157,0.0,0.0,473356.0,5310.0,0,0,409,6,994706,478666.0,415,Macro
184,a-63b416ca509c11eb9aea8c8590014502,พรุ่งนี้ค่อยลด,1800730000000000,1.092e+,26600279,UCHPArazAwpCeOL3jkkDR9xQ,Food,858204,0,3102,658,135164.0,0.0,949.0,3140.0,4766,0,78,4,861964,139253.0,4848,Macro
185,a-63b08fb4509c11eb9aea8c8590014502,Poiluang Cooking,1894490000000000,0,0,0,Food,8650,0,0,0,6461.0,0.0,0.0,0.0,424,0,0,0,8650,6461.0,424,Nano
186,a-63b2ec32509c11eb9aea8c8590014502,Eatoutbkk,1404320000000000,1.23492e+,582010445,0,Food,6364,0,207333,0,110177.0,0.0,426074.0,0.0,1132,0,225,0,213697,536251.0,1357,Macro
187,a-63b0d0aa509c11eb9aea8c8590014502,ศุภชัย เสมอมิตร โหน่งโชว์,478890000000000,0,0,UCl9RgD6kroIYr4iuLOLFrxQ,Food,9044897,0,0,401770,1981136.0,0.0,0.0,880000.0,559,0,0,350,9446667,2861136.0,909,Mega
188,a-63b0a22e509c11eb9aea8c8590014502,VIPS Station,1105010000000000,0,0,UC2cM3yhGDnNsb67Tghy4vjw,Food,1028875,0,0,642856,140022.0,0.0,0.0,970000.0,376,0,0,138,1671731,1110022.0,514,Mega
189,a-63b12c94509c11eb9aea8c8590014502,Latdawan Channel,105892000000000,0,0,UCh7bLcJyHGnDNumUS4FwDmQ,Food,65,0,0,4336,156.0,0.0,0.0,9360.0,57,0,0,70,4401,9516.0,127,Nano
190,a-63b09360509c11eb9aea8c8590014502,SAN CE,1025840000000000,0,0,UCuRLkzeOlY6IcUy3PVLZG6w,Food,0,0,0,1649044,0.0,0.0,0.0,544000.0,0,0,0,186,1649044,544000.0,186,Macro
191,a-63b14d6e509c11eb9aea8c8590014502,Pam Studio,0,0,207828941,UClt6Y9q9etzD_cl8HsQ1SdA,Food,0,0,40,0,0.0,0.0,480.0,0.0,0,0,1,0,40,480.0,1,End-user
192,a-63b2da08509c11eb9aea8c8590014502,Eat Like 852 - ตะลุยกิน เที่ยวฮ่องกง โดยคนไทยในฮ่องกง,276253000000000,0,1313098971,0,Food,932059,0,19447,0,194296.0,0.0,26410.0,0.0,2759,0,57,0,951506,220706.0,2816,Macro
193,a-63b37a26509c11eb9aea8c8590014502,Ms Happy Diet - The Healthy Foodie,443082000000000,0,338403398,0,Food,11671,0,67403,0,23556.0,0.0,49306.0,0.0,763,0,394,0,79074,72862.0,1157,Micro
194,a-63b07c9a509c11eb9aea8c8590014502,FoodTravelTVChannel,0,0,0,UCZiboBUA0U1tn31MyHoMYLQ,Food,0,0,0,17508,0.0,0.0,0.0,2410000.0,0,0,0,49,17508,2410000.0,49,Mega
195,a-63b3573a509c11eb9aea8c8590014502,Kinjubkinjib - กินจุ๊บกินจิ๊บ,415195000000000,3284925192,944993390,0,Food,23952,98026,781899,0,17530.0,71658.0,121879.0,0.0,2232,378,549,0,903877,211067.0,3159,Macro
196,a-63b407b6509c11eb9aea8c8590014502,ถนัดชิม,1905870000000000,8.84096e+,5712989999,0,Food,2168805,0,255664,0,510292.0,0.0,74395.0,0.0,10965,0,385,0,2424469,584687.0,11350,Macro
197,a-63b3d250509c11eb9aea8c8590014502,กินแก้มตุ่ย ตะลุยเที่ยว,1745430000000000,7.75867e+,24058255,UCnyYZDZo3uSSnKmytuZp0lA,Food,55591,0,874,3623,540942.0,0.0,96567.0,3740.0,1635,0,69,48,60088,641249.0,1752,Macro
198,a-63afce6c509c11eb9aea8c8590014502,กินข้าวกัน,1498060000000000,0,2372487015,UC1ZcJ4k9yDz_b1KnhlMBe2Q,Food,5335381,0,253500,29,3026804.0,0.0,255882.0,11400.0,821,0,174,4,5588910,3294086.0,999,Mega
199,a-63b3055a509c11eb9aea8c8590014502,Foodoclock Eat Around Theclock,1499420000000000,1.01526e+,1283027662,0,Food,587,0,210453,0,98950.0,0.0,484221.0,0.0,138,0,232,0,211040,583171.0,370,Macro
200,a-63caa584509c11eb9aea8c8590014502,ตัวคนเดียวก็เที่ยวได้,1225060000000000,0,0,0,Travel,64504,0,0,0,130002.0,0.0,0.0,0.0,488,0,0,0,64504,130002.0,488,Macro
201,a-63c832cc509c11eb9aea8c8590014502,HappyNancy,1637490000000000,0,5713574,UCry8mxYV1614cX2Eszfq2Tw,Travel,863675,0,812023,309,217340.0,0.0,63289.0,2870.0,2457,0,478,10,1676007,283499.0,2945,Macro
202,a-63c956b6509c11eb9aea8c8590014502,widsawaphatiew,528546000000000,9.51216e+,5662470977,UCsw9Q84nu89AJ6GNvZfYcVA,Travel,0,0,528001,1916,0.0,0.0,42562.0,1910.0,0,0,232,37,529917,44472.0,269,Micro
203,a-63ca486e509c11eb9aea8c8590014502,เที่ยวเอง,191405000000000,0,2809195071,UChjzugft33b4uM_BKZOvfsQ,Travel,507772,0,35161,2,392115.0,0.0,15613.0,128.0,2507,0,182,2,542935,407856.0,2691,Macro
204,a-63c8f3b0509c11eb9aea8c8590014502,TripTH ทริปไทยแลนด์,934474000000000,0,2946685006,UCiXAlWe1AAXIs_tFtkw0KHA,Travel,26749565,0,203622,4388,3563270.0,0.0,79177.0,4190.0,16240,0,371,329,26957575,3646637.0,16940,Mega
205,a-63c7d796509c11eb9aea8c8590014502,Bestie Wanderer - คู่ซี้ตะลอนโลก,169598000000000,0,0,UC7ROTx4OQHsbLAz5BL2Wkug,Travel,723488,0,0,8768,168733.0,0.0,0.0,18000.0,4655,0,0,84,732256,186733.0,4739,Macro
206,a-63c8c660509c11eb9aea8c8590014502,TELEPORT,1617050000000000,0,0,0,Travel,5055,0,0,0,70007.0,0.0,0.0,0.0,319,0,0,0,5055,70007.0,319,Micro
207,a-63cab09c509c11eb9aea8c8590014502,เที่ยวเก่ง,2005170000000000,0,0,0,Travel,17081,0,0,0,388944.0,0.0,0.0,0.0,194,0,0,0,17081,388944.0,194,Macro
208,a-63ca2c8a509c11eb9aea8c8590014502,เที่ยวทั่วไทย ไปไหนดี,1596790000000000,0,0,UCEFh-62q-4iHD6-Xm0RMp3g,Travel,1607865,0,0,51,1147847.0,0.0,0.0,235.0,5319,0,0,4,1607916,1148082.0,5323,Mega
209,a-63c8d40c509c11eb9aea8c8590014502,Travel Planet Xperiences,187064000000000,0,0,UChXcnk7fB0S3CQgJZxwdXiw,Travel,865,0,0,2,36057.0,0.0,0.0,734.0,160,0,0,1,867,36791.0,161,Micro
210,a-63ca6772509c11eb9aea8c8590014502,แบกกล้องเที่ยว,1596740000000000,0,232407864,0,Travel,2740924,0,3781,0,1822552.0,0.0,4080.0,0.0,4202,0,16,0,2744705,1826632.0,4218,Mega
211,a-63c800fe509c11eb9aea8c8590014502,EDTguide,95296892660,14854490,44118847,UCfmweO-j1d_f-X2zbFdFEBA,Travel,0,4809,26218,440,0.0,642954.0,89318.0,14800.0,0,171,194,43,31467,747072.0,408,Macro
212,a-63ca512e509c11eb9aea8c8590014502,เที่ยวให้ยับ : Crazy Journeys,1299360000000000,9.72165e+,0,UCu612tXMA170lNSIaB2AZRw,Travel,157287,0,0,19,130154.0,0.0,0.0,71.0,4968,0,0,3,157306,130225.0,4971,Macro
213,a-63ca8d60509c11eb9aea8c8590014502,ไปเที่ยวกัน GoThaitogether,180369000000000,238504973,8304319,UCY_yIKMkxnyTgPlzJPv4lEQ,Travel,121940,3,1627,35,815367.0,5915.0,7446.0,182.0,1310,65,60,23,123605,828910.0,1458,Macro
214,a-63ca7c26509c11eb9aea8c8590014502,โสดแล้วไปไหนก็ได้,452843000000000,8.49186e+,14650358,0,Travel,170907,0,53468,0,264967.0,0.0,7992.0,0.0,849,0,236,0,224375,272959.0,1085,Macro
215,a-63c967fa509c11eb9aea8c8590014502,คนหลงทาง,0,0,4299706518,0,Travel,0,0,11166,0,0.0,0.0,19202.0,0.0,0,0,11,0,11166,19202.0,11,Micro
216,a-63c7f2b2509c11eb9aea8c8590014502,Coundsheck's journey.,604109000000000,1.13876e+,56011388,0,Travel,58663,0,166917,0,128351.0,0.0,30799.0,0.0,994,0,120,0,225580,159150.0,1114,Macro
217,a-63c941da509c11eb9aea8c8590014502,merritze,0,0,30382348,0,Travel,0,0,3395,0,0.0,0.0,16140.0,0.0,0,0,12,0,3395,16140.0,12,Micro
218,a-63c9d0f0509c11eb9aea8c8590014502,ลุงหมอขอพักร้อน,760679000000000,0,2348895331,0,Travel,2307525,0,76623,0,265201.0,0.0,24655.0,0.0,3910,0,158,0,2384148,289856.0,4068,Macro
219,a-63c83d3a509c11eb9aea8c8590014502,Journey Dep,232197000000000,0,0,UCzTk00tYCj0P8QLkeeIr5dg,Travel,5063,0,0,6,51485.0,0.0,0.0,507.0,79,0,0,1,5069,51992.0,80,Micro
220,a-63ca3144509c11eb9aea8c8590014502,เที่ยวทั้งบ้าน,721276000000000,0,5057026639,UCODte-pc0EHafW79KLTZK7Q,Travel,163581,0,235,538,352609.0,0.0,722.0,18900.0,186,0,6,12,164354,372231.0,204,Macro
221,a-63ca753c509c11eb9aea8c8590014502,โดดงานไป,1192560000000000,997672465,0,0,Travel,431872,1,0,0,374548.0,108.0,0.0,0.0,3945,1,0,0,431873,374656.0,3946,Macro
222,a-63c89b72509c11eb9aea8c8590014502,Palapilii Thailand,339208000000000,3236580882,28566786,UCblfXJDr0GScOxhP_0MWddw,Travel,575998,17,13310,130,365468.0,380.0,4837.0,11600.0,2466,15,68,13,589455,382285.0,2562,Macro
223,a-63cab81c509c11eb9aea8c8590014502,ชอบเที่ยว,555015000000000,0,0,0,Travel,50700,0,0,0,93890.0,0.0,0.0,0.0,712,0,0,0,50700,93890.0,712,Micro
224,a-63c96eda509c11eb9aea8c8590014502,จ ะ เ ที่ ย ว ไ ป ไ ห น,941707000000000,9.48881e+,33228142,0,Travel,1399558,0,117577,0,1505854.0,0.0,43961.0,0.0,4099,0,91,0,1517135,1549815.0,4190,Mega
225,a-63c9792a509c11eb9aea8c8590014502,ชิลดี,1110160000000000,0,0,0,Travel,675080,0,0,0,337417.0,0.0,0.0,0.0,6227,0,0,0,675080,337417.0,6227,Macro
226,a-63c9648a509c11eb9aea8c8590014502,ค น ห ล ง ท า ง,1586820000000000,0,0,0,Travel,947362,0,0,0,1041469.0,0.0,0.0,0.0,2945,0,0,0,947362,1041469.0,2945,Mega
227,a-63c94fcc509c11eb9aea8c8590014502,theTripPacker,124120000000000,154441823,18411523,UC9nN5qhxk6TPW7kCfGMufjA,Travel,91621,0,2773,0,1355682.0,0.0,52571.0,0.0,1404,0,8,0,94394,1408253.0,1412,Mega
228,a-63c95a3a509c11eb9aea8c8590014502,กระเป๋าหนึ่งใบ,402930000000000,1.09301e+,1463458827,0,Travel,292058,0,11454,0,143432.0,0.0,4642.0,0.0,2686,0,63,0,303512,148074.0,2749,Macro
229,a-63c86620509c11eb9aea8c8590014502,Megamaxx Journeyy,291150000000000,0,23072720,UCLD6reSFtjKf9S1dy4BNpzg,Travel,0,0,30496,1,0.0,0.0,11480.0,4130.0,0,0,59,1,30497,15610.0,60,Micro
230,a-63c8ff18509c11eb9aea8c8590014502,U me go แบบนี้ต้องไปจัด,169505000000000,0,0,UC72Sb0KgdslcOlp8iCDP47Q,Travel,461561,0,0,1832,183458.0,0.0,0.0,7790.0,1060,0,0,7,463393,191248.0,1067,Macro
231,a-63c9deb0509c11eb9aea8c8590014502,สวัสดีคนแปลกหน้า,231572000000000,0,15036375345,0,Travel,67185,0,1401,0,107213.0,0.0,642.0,0.0,607,0,23,0,68586,107855.0,630,Macro
232,a-63c80a90509c11eb9aea8c8590014502,For a time ออกไปพัก,982492000000000,0,3034901573,0,Travel,31058,0,138,0,58450.0,0.0,587.0,0.0,815,0,8,0,31196,59037.0,823,Micro
233,a-63c840aa509c11eb9aea8c8590014502,Journey เจอนี่,610772000000000,0,1048942,UC7d8xkSOycoygDi0e364-3A,Travel,246420,0,8140,0,303127.0,0.0,6490.0,139.0,1391,0,37,1,254560,309756.0,1429,Macro
234,a-63ca3dec509c11eb9aea8c8590014502,เที่ยววัวตายควายล้ม travelalotthailand.com,786774000000000,0,5386042236,UC5fNtZCSAWWXmG-tRob5JjA,Travel,1290078,0,7788,1238,147875.0,0.0,2176.0,2500.0,9194,0,271,181,1299104,152551.0,9646,Macro
235,a-63ca78b6509c11eb9aea8c8590014502,โตแล้วไปไหนก็ได้,568683000000000,0,8548840631,0,Travel,141855,0,1539,0,212527.0,0.0,5150.0,0.0,3339,0,42,0,143394,217677.0,3381,Macro
236,a-63c9f800509c11eb9aea8c8590014502,หมอๆ ตะลุยโลก,223290000000000,0,765843746,0,Travel,105679,0,0,0,186291.0,0.0,0.0,0.0,581,0,0,0,105679,186291.0,581,Macro
237,a-63c9928e509c11eb9aea8c8590014502,บอลพาเที่ยว Backpacker Ball,1442810000000000,0,49760469,UC_l0GuOAKg4Jw2iB7A3-IkA,Travel,1697243,0,4562,3700,620668.0,0.0,5873.0,16200.0,557,0,13,60,1705505,642741.0,630,Macro
238,a-63c94c48509c11eb9aea8c8590014502,tak_taywin,0,0,191171458,0,Travel,0,0,44108,0,0.0,0.0,5731.0,0.0,0,0,115,0,44108,5731.0,115,Nano
239,a-63c90724509c11eb9aea8c8590014502,ULN Channel,0,0,0,UCjNie80CqWGRnwqXHQyx-Vg,Travel,0,0,0,53886,0.0,0.0,0.0,103000.0,0,0,0,14,53886,103000.0,14,Macro
240,a-63ca1eb6509c11eb9aea8c8590014502,เที่ยวจนแม่ด่า,1878880000000000,0,0,0,Travel,493864,0,0,0,523717.0,0.0,0.0,0.0,1361,0,0,0,493864,523717.0,1361,Macro
241,a-63c9aaf8509c11eb9aea8c8590014502,พาลูกเที่ยวดะ,441361000000000,0,3405719636,UCiuYmBHqqP60TFEAKYuNWsQ,Travel,264104,0,760,32,269576.0,0.0,1908.0,831.0,5070,0,85,8,264896,272315.0,5163,Macro
242,a-63c7caa8509c11eb9aea8c8590014502,Ayla's day off,1808690000000000,0,0,UCoSQmULlVrnlaMw1a3KPCBQ,Travel,106275,0,0,207,87683.0,0.0,0.0,198.0,929,0,0,3,106482,87881.0,932,Micro
243,a-63ca9b2a509c11eb9aea8c8590014502,ไปไหนด้วยกัน,167270000000000,0,3150936420,0,Travel,0,0,78,0,0.0,0.0,97.0,0.0,0,0,6,0,78,97.0,6,End-user
244,a-63c86d0a509c11eb9aea8c8590014502,Neighbor,571912000000000,0,1660222891,0,Travel,156,0,514,0,14100.0,0.0,1132.0,0.0,55,0,6,0,670,15232.0,61,Micro
245,a-63c8b8aa509c11eb9aea8c8590014502,Solo Journey,1672410000000000,0,5947625723,0,Travel,98515,0,52069,0,176504.0,0.0,9405.0,0.0,433,0,40,0,150584,185909.0,473,Macro
246,a-63c9a404509c11eb9aea8c8590014502,พลอยเรียนจบแล้วทำไรต่อ?,621670000000000,0,0,UCT8UgpcpqFV6AgOfs_52QmA,Travel,3831420,0,0,285739,412890.0,0.0,0.0,282000.0,405,0,0,45,4117159,694890.0,450,Macro
247,a-63c8bf8a509c11eb9aea8c8590014502,Sonia In Lost World,101404000000000,0,0,0,Travel,12698,0,0,0,111603.0,0.0,0.0,0.0,304,0,0,0,12698,111603.0,304,Macro
248,a-63c89f64509c11eb9aea8c8590014502,Primintheair,984063000000000,0,33268952,0,Travel,13955,0,2725,0,9878.0,0.0,27843.0,0.0,389,0,13,0,16680,37721.0,402,Micro
249,a-63c93ae6509c11eb9aea8c8590014502,jajatanti,537409000000000,0,6407103,0,Travel,0,0,96284,0,0.0,0.0,96828.0,0.0,0,0,10,0,96284,96828.0,10,Micro
250,a-63c8e316509c11eb9aea8c8590014502,TravelKanuman / 2เท้าชาวท่องโลก,220608000000000,0,300498957,0,Travel,519671,0,7476,0,484817.0,0.0,16074.0,0.0,3644,0,48,0,527147,500891.0,3692,Macro
251,a-63c89096509c11eb9aea8c8590014502,PaiNaiDii,209464000000000,280926872,47087575,UC2X6-THErY37NMtfZHwKtLQ,Travel,616363,77474,222,884,550704.0,42077.0,6001.0,6060.0,7352,3784,6,50,694943,604842.0,11192,Macro
252,a-63c8629c509c11eb9aea8c8590014502,Maysa Traveller,161855000000000,117751225,31557328,0,Travel,250645,0,970,0,97296.0,0.0,1191.0,0.0,2331,0,4,0,251615,98487.0,2335,Micro
253,a-63c9a77e509c11eb9aea8c8590014502,พากล้องเที่ยว,1035470000000000,0,0,0,Travel,136424,0,0,0,222063.0,0.0,0.0,0.0,2365,0,0,0,136424,222063.0,2365,Macro
254,a-63c9d7d0509c11eb9aea8c8590014502,วิถีตากล้อง,578575000000000,0,740046799,0,Travel,799106,0,46178,0,671973.0,0.0,25815.0,0.0,1475,0,26,0,845284,697788.0,1501,Macro
255,a-63ca9e9a509c11eb9aea8c8590014502,ไม่กี่บาท,316782000000000,0,0,UCZkPKhXk8OEVHjYSv5O_IVQ,Travel,160070,0,0,17863,329651.0,0.0,0.0,56600.0,1461,0,0,41,177933,386251.0,1502,Macro
256,a-63c8bc1a509c11eb9aea8c8590014502,Somewhere Someone,491620000000000,0,26469108,0,Travel,371743,0,15285,0,191103.0,0.0,14837.0,0.0,2860,0,72,0,387028,205940.0,2932,Macro
257,a-63c93e60509c11eb9aea8c8590014502,katmatcha,362327000000000,99279725,1690960,0,Travel,0,191759,438573,0,0.0,11322.0,43469.0,0.0,0,657,107,0,630332,54791.0,764,Micro
258,a-63c874ee509c11eb9aea8c8590014502,"NoWhere, But Here",1403590000000000,0,0,0,Travel,830,0,0,0,57856.0,0.0,0.0,0.0,158,0,0,0,830,57856.0,158,Micro
259,a-63c8eabe509c11eb9aea8c8590014502,Trip and Teach - ไปตามน้ำ,423246000000000,0,3996898247,0,Travel,816,0,449,0,47522.0,0.0,2219.0,0.0,62,0,8,0,1265,49741.0,70,Micro
260,a-63c99d1a509c11eb9aea8c8590014502,ผมม้าพาเที่ยว,289719000000000,0,290456486,0,Travel,1111423,0,926689,0,330349.0,0.0,26318.0,0.0,3188,0,657,0,2038112,356667.0,3845,Macro
261,a-63c7c102509c11eb9aea8c8590014502,6 August Journey,1555040000000000,227640219,22947277,UCkeiKkfqxOe8_sRFGNmGoYg,Travel,60393,4,5807,4,65291.0,209.0,1157.0,79.0,1217,5,140,3,66208,66736.0,1365,Micro
262,a-63c9ca10509c11eb9aea8c8590014502,รีวิวโคราช,453494000000000,2893558081,2980178736,0,Travel,190270,1041,4371,0,201692.0,20520.0,4909.0,0.0,1544,21,31,0,195682,227121.0,1596,Macro
263,a-63c9cd80509c11eb9aea8c8590014502,ลาพักเที่ยว,1179570000000000,1.03976e+,1445477160,UCw4z6OeHhcVkXxuWEWcOBwA,Travel,1633264,0,33013,1190,1007377.0,0.0,15567.0,1240.0,5410,0,59,20,1667467,1024184.0,5489,Mega
264,a-63cabefc509c11eb9aea8c8590014502,Gogetlost,1654100000000000,0,1934296011,UC75lmbP15LQJk6nW71TxdQQ,Travel,211160,0,26901,1687,155144.0,0.0,14926.0,9310.0,2582,0,45,20,239748,179380.0,2647,Macro
265,a-63ca97c4509c11eb9aea8c8590014502,ไปไหนดี,1699900000000000,0,2533403977,0,Travel,1253249,0,122336,0,586150.0,0.0,10995.0,0.0,4147,0,373,0,1375585,597145.0,4520,Macro
266,a-63c81efe509c11eb9aea8c8590014502,Go Went Go : เที่ยว เว้น วัน,1528720000000000,8.22126e+,3128076753,UCyY4julxsHMubJaDuZBw9mg,Travel,0,0,4221,85560,0.0,0.0,25754.0,295000.0,0,0,1,108,89781,320754.0,109,Macro
267,a-63c99996509c11eb9aea8c8590014502,บันทึกนักหนีเที่ยว,1143900000000000,0,5982398997,UCv71AQYyN-A34J1yZ_1JnkA,Travel,136123,0,19891,1,149802.0,0.0,2710.0,474.0,2354,0,266,1,156015,152986.0,2621,Macro
268,a-63c7c47c509c11eb9aea8c8590014502,Around Me,1466470000000000,0,0,0,Travel,570903,0,0,0,267027.0,0.0,0.0,0.0,806,0,0,0,570903,267027.0,806,Macro
269,a-63c8df06509c11eb9aea8c8590014502,Travel With Katheryn,1399750000000000,0,0,0,Travel,75644,0,0,0,281024.0,0.0,0.0,0.0,44,0,0,0,75644,281024.0,44,Macro
270,a-63c7b338509c11eb9aea8c8590014502,katheryn_lee,456893000000000,1.27187e+,7871236,UCA4_ex35aNfF_MFs_q7pE5Q,Travel,3,0,5636043,30858,4.0,0.0,774569.0,137000.0,3,0,747,22,5666904,911573.0,772,Macro
271,a-63c92e20509c11eb9aea8c8590014502,high on dream,144932000000000,85233435,27220455,UCrNEvMDwTftFL-0I3jIWEhQ,Travel,0,238,51163,254,0.0,254.0,12151.0,601.0,0,147,126,4,51655,13006.0,277,Micro
272,a-63c7e768509c11eb9aea8c8590014502,Chill Journey :: เที่ยวอย่างชิว,233829000000000,2911460688,1576433847,UCweglxSF-2lzQR8e53M6ahA,Travel,159236,3,409,57,289641.0,125.0,3717.0,591.0,2254,1,10,8,159705,294074.0,2273,Macro
273,a-63cabb8c509c11eb9aea8c8590014502,เที่ยวแบบกรู,692542000000000,0,0,0,Travel,882420,0,0,0,663161.0,0.0,0.0,0.0,5406,0,0,0,882420,663161.0,5406,Macro
274,a-63ca44f4509c11eb9aea8c8590014502,เที่ยวเล่น เน้นกิน,1422580000000000,0,0,0,Travel,10296,0,0,0,31125.0,0.0,0.0,0.0,1434,0,0,0,10296,31125.0,1434,Micro
275,a-63c9b55c509c11eb9aea8c8590014502,พาเธอไป Journey,293320000000000,0,0,0,Travel,635104,0,0,0,244225.0,0.0,0.0,0.0,5911,0,0,0,635104,244225.0,5911,Macro
276,a-63c9e900509c11eb9aea8c8590014502,สะพายกล้องท่องเที่ยว กับ มาเรีย ณ ไกลบ้าน,158075000000000,0,0,0,Travel,1944519,0,0,0,511626.0,0.0,0.0,0.0,10005,0,0,0,1944519,511626.0,10005,Macro
277,a-63c88b5a509c11eb9aea8c8590014502,PYONG : Traveller X Doctor,1628990000000000,1.03855e+,545634634,UCvSBmPYtTDY798_olRYvVqQ,Travel,137512,0,515265,5147,86252.0,0.0,29007.0,10000.0,1293,0,440,14,657924,125259.0,1747,Macro
278,a-63cac26c509c11eb9aea8c8590014502,ชิลไปไหน,176922000000000,560911275,298427872,UC_9-zosb7LVsbItc5cXV38g,Travel,0,23490,1390295,204218,0.0,28928.0,226343.0,382000.0,0,1126,1928,666,1618003,637271.0,3720,Macro
279,a-63c7b6b2509c11eb9aea8c8590014502,Places two go,1690690000000000,9.72741e+,3030455863,UCvU058WuuGzqSkG0zfWSByg,Travel,0,0,18989,2,0.0,0.0,6352.0,6.0,0,0,126,7,18991,6358.0,133,Nano
280,a-63ca90da509c11eb9aea8c8590014502,ไปเที่ยวกันมั๊ย by Penguint,791673000000000,3502376184,2141071687,0,Travel,0,45,446,0,0.0,40.0,14119.0,0.0,0,25,29,0,491,14159.0,54,Micro
281,a-63c7d39a509c11eb9aea8c8590014502,BackPack Thai 21,884171000000000,0,0,0,Travel,8197,0,0,0,76569.0,0.0,0.0,0.0,152,0,0,0,8197,76569.0,152,Micro
282,a-63c7fd7a509c11eb9aea8c8590014502,Duet Diary ตามรอยเที่ยว,123956000000000,0,24951992,UCnU99L3kxsBwywHHFU0SKBg,Travel,3328,0,39,249,49668.0,0.0,558.0,11200.0,114,0,1,5,3616,61426.0,120,Micro
283,a-63ca0264509c11eb9aea8c8590014502,อยากไปเที่ยว,450586000000000,0,7842423195,0,Travel,1576417,0,2565,0,457439.0,0.0,2733.0,0.0,1424,0,12,0,1578982,460172.0,1436,Macro
284,a-63ca8306509c11eb9aea8c8590014502,ไปคนเดียว+,203370000000000,0,3067031382,UCr3NZhAorY1d01Dq_gkba5w,Travel,2043621,0,16271,281,1200040.0,0.0,28121.0,609.0,7692,0,25,11,2060173,1228770.0,7728,Mega
285,a-63c9b1ec509c11eb9aea8c8590014502,พาเที่ยวแบบง่ายๆ by mukura,367771000000000,1.17052e+,0,0,Travel,7356,0,0,0,201822.0,0.0,0.0,0.0,8,0,0,0,7356,201822.0,8,Macro
286,a-63c914b2509c11eb9aea8c8590014502,Walker Talker : เดินทางเล่าเรื่อง,198117000000000,1.09056e+,7445655149,UCxLdZPr-G6iMFR7f6sdXtow,Travel,940829,0,1629,98,449530.0,0.0,3245.0,292.0,4575,0,9,15,942556,453067.0,4599,Macro
287,a-63c95346509c11eb9aea8c8590014502,totay168,246314000000000,0,287970966,0,Travel,0,0,1561181,0,0.0,0.0,101335.0,0.0,0,0,288,0,1561181,101335.0,288,Macro
288,a-63c8ae5a509c11eb9aea8c8590014502,ReviewPapai - รีวิวพาไป,1485960000000000,0,10690405180,0,Travel,402255,0,314,0,473621.0,0.0,392.0,0.0,3607,0,44,0,402569,474013.0,3651,Macro
289,a-63ca8680509c11eb9aea8c8590014502,ไปค่ะไป,1808630000000000,0,0,0,Travel,144075,0,0,0,111908.0,0.0,0.0,0.0,617,0,0,0,144075,111908.0,617,Macro
290,a-63c8264c509c11eb9aea8c8590014502,Go!Graph,114648000000000,0,597894458,0,Travel,248825,0,21017,0,259505.0,0.0,8881.0,0.0,3204,0,185,0,269842,268386.0,3389,Macro
291,a-63c8a324509c11eb9aea8c8590014502,RattoWanderlust เที่ยวไปทั่วโลก รีวิวเที่ยวไต้หวัน,496336000000000,635193770,144399375,0,Travel,13568,15,7875,0,80552.0,251.0,2839.0,0.0,448,14,70,0,21458,83642.0,532,Micro
292,a-63c7eeb6509c11eb9aea8c8590014502,Chill With Me,1760600000000000,0,1428715237,0,Travel,177652,0,6318,0,187587.0,0.0,3326.0,0.0,2950,0,43,0,183970,190913.0,2993,Macro
293,a-63c7f65e509c11eb9aea8c8590014502,Couple Travel พาแฟนไปไหนดี,854546000000000,0,4015061845,0,Travel,838912,0,19003,0,341379.0,0.0,7035.0,0.0,3572,0,61,0,857915,348414.0,3633,Macro
294,a-63c8d9ca509c11eb9aea8c8590014502,Travel Together / คนเดินทาง,563565000000000,0,0,0,Travel,14544,0,0,0,75637.0,0.0,0.0,0.0,488,0,0,0,14544,75637.0,488,Micro
295,a-63c9c1c8509c11eb9aea8c8590014502,มา กับ หมอ :: Come with me Free doctor,1591380000000000,0,41260820,0,Travel,487,0,1827,0,15045.0,0.0,876.0,0.0,26,0,24,0,2314,15921.0,50,Micro
296,a-63cab4a2509c11eb9aea8c8590014502,A Traveler Blog,443849000000000,0,0,0,Travel,59567,0,0,0,249510.0,0.0,0.0,0.0,668,0,0,0,59567,249510.0,668,Macro
297,a-63c86990509c11eb9aea8c8590014502,Minimint's Mission,1805000000000000,0,8399172,0,Travel,264503,0,26020,0,196018.0,0.0,21316.0,0.0,687,0,34,0,290523,217334.0,721,Macro
298,a-63caac5a509c11eb9aea8c8590014502,Hitchhiker Thailand / เที่ยวจนเสียสติ,1703690000000000,0,0,0,Travel,573,0,0,0,62381.0,0.0,0.0,0.0,78,0,0,0,573,62381.0,78,Micro
299,a-63c9204c509c11eb9aea8c8590014502,Wongnai Travel,104764000000000,0,0,0,Travel,3303285,0,0,0,721195.0,0.0,0.0,0.0,9731,0,0,0,3303285,721195.0,9731,Macro
300,a-63b87846509c11eb9aea8c8590014502,"Retrostation สถานีสำหรับ ""คนรักเกมส์เก่า""",191738000000000,0,0,0,Gamer,640446,0,0,0,158606.0,0.0,0.0,0.0,1913,0,0,0,640446,158606.0,1913,Macro
301,a-63b66cc2509c11eb9aea8c8590014502,Cyberclasher,653384000000000,0,0,UCcfyyYjAFM8932N-BVTU4Hg,Gamer,2004254,0,0,18356,97206.0,0.0,0.0,40100.0,2413,0,0,1660,2022610,137306.0,4073,Macro
302,a-63b63cde509c11eb9aea8c8590014502,Bon Gamerz,809039000000000,4746479814,0,UCAcYshki68X7GXNrYnbZQEQ,Gamer,0,0,0,3344040,0.0,0.0,0.0,2570000.0,0,0,0,357,3344040,2570000.0,357,Mega
303,a-63b6c104509c11eb9aea8c8590014502,FPSThailand.com,159273000000000,74345278,0,UC9CldAJs08kpQk_Qx7Imiow,Gamer,1415586,16,0,89898,218188.0,6414.0,0.0,714000.0,2891,1,0,538,1505500,938602.0,3430,Macro
304,a-63b6cdfc509c11eb9aea8c8590014502,Fiat,0,0,0,UCpQS0xnrCfJfdLHwTSQxOGA,Gamer,0,0,0,1094035,0.0,0.0,0.0,329000.0,0,0,0,101,1094035,329000.0,101,Macro
305,a-63b7531c509c11eb9aea8c8590014502,Just4Game,609226000000000,0,0,UCgfluQNygp3m6S5DBpTHS1A,Gamer,0,0,0,248559,0.0,0.0,0.0,158000.0,0,0,0,364,248559,158000.0,364,Macro
306,a-63b9e15e509c11eb9aea8c8590014502,XyCloneZ,0,0,0,UCKb-E83NXKbLaMVCWPifTmA,Gamer,0,0,0,2418756,0.0,0.0,0.0,1110000.0,0,0,0,318,2418756,1110000.0,318,Mega
307,a-63b7bf50509c11eb9aea8c8590014502,Main Stand Gaming,107901000000000,0,0,0,Gamer,21864,0,0,0,4999.0,0.0,0.0,0.0,944,0,0,0,21864,4999.0,944,Nano
308,a-63b7b500509c11eb9aea8c8590014502,MTR Mysterios,0,0,0,UC4Ffqc39v2fxEcNois8ulaA,Gamer,0,0,0,1718672,0.0,0.0,0.0,1560000.0,0,0,0,101,1718672,1560000.0,101,Mega
309,a-63b96e72509c11eb9aea8c8590014502,Uke-Uke,1025080000000000,0,0,UCONLLTJh5xgLcNf98cFRWCg,Gamer,4239,0,0,605944,24135.0,0.0,0.0,897000.0,76,0,0,397,610183,921135.0,473,Macro
310,a-63b83106509c11eb9aea8c8590014502,OHVER,0,0,0,UCySTin1D_pBbtNMVfGmp40g,Gamer,0,0,0,2693477,0.0,0.0,0.0,2010000.0,0,0,0,141,2693477,2010000.0,141,Mega
311,a-63babcd2509c11eb9aea8c8590014502,Thisisgame PConsole,1774720000000000,0,0,0,Gamer,7788,0,0,0,13898.0,0.0,0.0,0.0,906,0,0,0,7788,13898.0,906,Micro
312,a-63b85c76509c11eb9aea8c8590014502,PlayUlti.com - คนเล่นเกมนอก,230290000000000,0,0,0,Gamer,682402,0,0,0,274957.0,0.0,0.0,0.0,3708,0,0,0,682402,274957.0,3708,Macro
313,a-63b80302509c11eb9aea8c8590014502,N Join Play,920303000000000,0,0,UCBYu0IhRq2NXwanVt2vE33Q,Gamer,610872,0,0,161576,69463.0,0.0,0.0,424000.0,662,0,0,119,772448,493463.0,781,Macro
314,a-63ba8f82509c11eb9aea8c8590014502,สารบัญ Gaming MODE,110342000000000,0,0,0,Gamer,161130,0,0,0,9339.0,0.0,0.0,0.0,820,0,0,0,161130,9339.0,820,Nano
315,a-63b7c2ca509c11eb9aea8c8590014502,ManagerGame,127207000000000,0,0,0,Gamer,4474,0,0,0,19503.0,0.0,0.0,0.0,1429,0,0,0,4474,19503.0,1429,Micro
316,a-63b88610509c11eb9aea8c8590014502,Rush,158104000000000,0,0,UCkV_ZgwCFlAvUIu4k0UBBaQ,Gamer,0,0,0,97297,0.0,0.0,0.0,173000.0,0,0,0,169,97297,173000.0,169,Macro
317,a-63b8b09a509c11eb9aea8c8590014502,Signature Gaming,1510900000000000,0,0,UCXJPKALneZM8NMlUVE474JA,Gamer,35829,0,0,0,53737.0,0.0,0.0,0.0,496,0,0,0,35829,53737.0,496,Micro
318,a-63b61c0e509c11eb9aea8c8590014502,Bankgarmo,1526610000000000,0,0,UCjsPkmCwZ_LW_3Hmxqquqvg,Gamer,0,0,0,1134049,0.0,0.0,0.0,1250000.0,0,0,0,691,1134049,1250000.0,691,Mega
319,a-63b679c4509c11eb9aea8c8590014502,Deklaaon Channel,479526000000000,9.64099e+,8707885168,UCXALRk2-YkcpHSm_ZSvZqfw,Gamer,247671,0,0,2689987,78520.0,0.0,0.0,3000000.0,203,0,0,215,2937658,3078520.0,418,Mega
320,a-63b8fcf8509c11eb9aea8c8590014502,TDKeane,1478010000000000,0,8037514709,UC9BGxI-RSBJKjq2qJjpG3Fw,Gamer,707615,0,503,67457,66881.0,0.0,637.0,52800.0,803,0,3,69,775575,120318.0,875,Macro
321,a-63b6ae62509c11eb9aea8c8590014502,Evos TH,209463000000000,0,0,UC2EE3QfP777vOLkpQFeYWHA,Gamer,0,0,0,524793,0.0,0.0,0.0,293000.0,0,0,0,125,524793,293000.0,125,Macro
322,a-63b759fc509c11eb9aea8c8590014502,KK Honcool,0,0,0,UCIqqN9Q76pm6KfMeZ_u9YZQ,Gamer,0,0,0,989417,0.0,0.0,0.0,1040000.0,0,0,0,395,989417,1040000.0,395,Mega
323,a-63b80d2a509c11eb9aea8c8590014502,N.N.B CLUB,0,0,0,UCmMON-av1Y4tTzUbb9rp-xg,Gamer,0,0,0,136516,0.0,0.0,0.0,908000.0,0,0,0,46,136516,908000.0,46,Macro
324,a-63b866e4509c11eb9aea8c8590014502,PojzPlaza,1698680000000000,0,0,UCzyeq_iKmrFTBQ0kzNSqMtg,Gamer,170904,0,0,10747994,438569.0,0.0,0.0,6820000.0,90,0,0,201,10918898,7258569.0,291,Mega
325,a-63b826ac509c11eb9aea8c8590014502,NutPintoChannel,592381000000000,0,22450480,UC_nceTle-WK7t6oiU6mkcXQ,Gamer,0,0,147062,802257,0.0,0.0,11597.0,961000.0,0,0,268,381,949319,972597.0,649,Macro
326,a-63b6f0b6509c11eb9aea8c8590014502,GameMonday,107669000000000,0,0,0,Gamer,68602,0,0,0,84977.0,0.0,0.0,0.0,1065,0,0,0,68602,84977.0,1065,Micro
327,a-63b7aa9c509c11eb9aea8c8590014502,MR.Kyoro Danger,693192000000000,4914431234,1541412379,UCcI0PmJXmY3gOedvjPE8PvA,Gamer,78,0,0,1096592,1218.0,0.0,0.0,1050000.0,4,0,0,83,1096670,1051218.0,87,Mega
328,a-63b9cd04509c11eb9aea8c8590014502,WakeUp Ruj,0,0,0,UCnUooigf-sesJl28OvH3ElA,Gamer,0,0,0,1463370,0.0,0.0,0.0,704000.0,0,0,0,228,1463370,704000.0,228,Macro
329,a-63b82332509c11eb9aea8c8590014502,Newzkung Raccoonza,0,0,0,UC_nmh9XycGlquouvai2UC6g,Gamer,0,0,0,320187,0.0,0.0,0.0,768000.0,0,0,0,626,320187,768000.0,626,Macro
330,a-63ba1ff2509c11eb9aea8c8590014502,dmt_tv,243225000000000,0,0,UCWwxOEBh3ud_LZprOWeopLw,Gamer,0,0,0,266,0.0,0.0,0.0,7880.0,0,0,0,15,266,7880.0,15,Nano
331,a-63b70fe2509c11eb9aea8c8590014502,Grean Gamer,0,9.5562e+,0,UCt1L2vxqFD0xZeYHeHPZQoQ,Gamer,0,0,0,12462,0.0,0.0,0.0,168000.0,0,0,0,268,12462,168000.0,268,Macro
332,a-63b9e9f6509c11eb9aea8c8590014502,YIM CH,0,0,0,UCFdsQZ2adcpguJWdoNZqCNw,Gamer,0,0,0,386707,0.0,0.0,0.0,454000.0,0,0,0,119,386707,454000.0,119,Macro
333,a-63b5c394509c11eb9aea8c8590014502,12TimeWeCCG,441280000000000,9.23804e+,0,UC_iBa-VDW1vNu-mKWzuGI1w,Gamer,0,0,0,1611497,0.0,0.0,0.0,1180000.0,0,0,0,358,1611497,1180000.0,358,Mega
334,a-63b8636a509c11eb9aea8c8590014502,PlearnGaming,281193000000000,0,0,UCIA4sRdXzkbcNXnCiZRtLcw,Gamer,5166,0,0,33667,9597.0,0.0,0.0,187000.0,373,0,0,364,38833,196597.0,737,Macro
335,a-63b618a8509c11eb9aea8c8590014502,Bangkok Esports,0,0,0,UCyE2L8KZaBollChyE5lKrhA,Gamer,0,0,0,444044,0.0,0.0,0.0,187000.0,0,0,0,124,444044,187000.0,124,Macro
336,a-63b8f42e509c11eb9aea8c8590014502,TAEJK,0,0,582411881,UCVpdQa9XD9fK7s6xYG7RZYg,Gamer,0,0,37675,193116,0.0,0.0,12388.0,699000.0,0,0,71,290,230791,711388.0,361,Macro
337,a-63b93cf4509c11eb9aea8c8590014502,Thanks For Watching,204878000000000,0,0,UCigsRUvOKCw3SJbnS_XloGw,Gamer,0,0,0,7709653,0.0,0.0,0.0,2510000.0,0,0,0,725,7709653,2510000.0,725,Mega
338,a-63b6c668509c11eb9aea8c8590014502,FZK Frozenkiss,1665030000000000,0,0,UCGxAtRS52mzccHAan-2Keqw,Gamer,2753228,0,0,19465,160912.0,0.0,0.0,485000.0,609,0,0,16,2772693,645912.0,625,Macro
339,a-63b84146509c11eb9aea8c8590014502,Online station,216599000000000,0,0,UC-Oq0W8avFSSbKFsY3iHyUA,Gamer,0,0,0,475141,0.0,0.0,0.0,717000.0,0,0,0,559,475141,717000.0,559,Macro
340,a-63b71d7a509c11eb9aea8c8590014502,HYPE NEXG,103684000000000,0,0,0,Gamer,25845,0,0,0,4374.0,0.0,0.0,0.0,1145,0,0,0,25845,4374.0,1145,Nano
341,a-63ba0f1c509c11eb9aea8c8590014502,cCraftedStudio,499640000000000,0,0,UC3bhyLlscXLDvgplXOjlveA,Gamer,0,0,0,294535,0.0,0.0,0.0,1120000.0,0,0,0,34,294535,1120000.0,34,Mega
342,a-63b60e6c509c11eb9aea8c8590014502,B Dokebi,0,0,0,UCx6QTy2OOy2Z1wrA306P3Nw,Gamer,0,0,0,5234,0.0,0.0,0.0,18100.0,0,0,0,12,5234,18100.0,12,Micro
343,a-63b851fe509c11eb9aea8c8590014502,Peachy Gang,101866000000000,0,0,0,Gamer,157332,0,0,0,12189.0,0.0,0.0,0.0,117,0,0,0,157332,12189.0,117,Micro
344,a-63baa13e509c11eb9aea8c8590014502,เกมมือถือต้องเล่น - Mustplay.in.th,371198000000000,0,0,0,Gamer,36673,0,0,0,106084.0,0.0,0.0,0.0,735,0,0,0,36673,106084.0,735,Macro
345,a-63ba2da8509c11eb9aea8c8590014502,essAyseeK TV,1504120000000000,0,0,UCe3uHqbEj7wxuLa_tyjgPbQ,Gamer,0,0,0,12867,0.0,0.0,0.0,514000.0,0,0,0,116,12867,514000.0,116,Macro
346,a-63b7cea0509c11eb9aea8c8590014502,Mckenz1e,261270000000000,0,0,UCZEPIEo9pDWUV2qq8Ccta3g,Gamer,123046,0,0,87,11119.0,0.0,0.0,504.0,216,0,0,1,123133,11623.0,217,Micro
347,a-63b61542509c11eb9aea8c8590014502,Bacon Time,287840000000000,0,0,UCtz2uDJ2dcOJXrI1TsZhiyw,Gamer,1935993,0,0,109004,311778.0,0.0,0.0,640000.0,769,0,0,82,2044997,951778.0,851,Macro
348,a-63b65b74509c11eb9aea8c8590014502,ChinNaMo,116557000000000,0,0,UC9i6NJ7zlaLEYkAyny4pVaA,Gamer,0,0,0,11448,0.0,0.0,0.0,143000.0,0,0,0,42,11448,143000.0,42,Macro
349,a-63b9fcfc509c11eb9aea8c8590014502,Ya Taliban,0,0,0,UCfpTHxH2y134iEtkwXmHJ6Q,Gamer,0,0,0,487479,0.0,0.0,0.0,1320000.0,0,0,0,94,487479,1320000.0,94,Mega
350,a-63b79282509c11eb9aea8c8590014502,LightKira Channel,0,0,0,UC_pUAO6NJec7j_AfPyyQ-gQ,Gamer,0,0,0,599810,0.0,0.0,0.0,442000.0,0,0,0,228,599810,442000.0,228,Macro
351,a-63ba5dbe509c11eb9aea8c8590014502,oPuTo,543240000000000,863502134,261686048,UCJbAudnednvuzaSNxxN8v5g,Gamer,0,854,0,85,0.0,3213.0,0.0,14100.0,0,27,0,13,939,17313.0,40,Micro
352,a-63ba6fe8509c11eb9aea8c8590014502,wasuezqelusia,2049220000000000,0,2019329241,0,Gamer,0,0,52428,0,0.0,0.0,32463.0,0.0,0,0,10,0,52428,32463.0,10,Micro
353,a-63b7f308509c11eb9aea8c8590014502,Moowan,382959000000000,0,0,UC7WC0Z7v8XUFSgI68AjOuUg,Gamer,396505,0,0,4714,39191.0,0.0,0.0,104000.0,208,0,0,4,401219,143191.0,212,Macro
354,a-63b8de6c509c11eb9aea8c8590014502,SuperGirl Channel,0,0,0,UC3ZyYS-Cyzfs1pkRz3XgHuw,Gamer,0,0,0,11498,0.0,0.0,0.0,228000.0,0,0,0,98,11498,228000.0,98,Macro
355,a-63b86dd8509c11eb9aea8c8590014502,RAP'TUM GAMERChannel,538295000000000,0,0,UCDbMfDMjqjwmAccfJ2yAO_A,Gamer,0,0,0,139587,0.0,0.0,0.0,549000.0,0,0,0,147,139587,549000.0,147,Macro
356,a-63b6041c509c11eb9aea8c8590014502,Attacle,983676000000000,270229825,39442905,UCaS4cnrioYCqrzphUJY3mQA,Gamer,0,0,13139,0,0.0,25.0,6018.0,0.0,0,8,66,0,13139,6043.0,74,Nano
357,a-63b9d51a509c11eb9aea8c8590014502,Windmillz,0,0,0,UC_GZZirLiPpL1AxpHDMqmcA,Gamer,0,0,0,191,0.0,0.0,0.0,95600.0,0,0,0,4,191,95600.0,4,Micro
358,a-63b69d8c509c11eb9aea8c8590014502,EndlessChannel TH,1707270000000000,0,0,UCPV-y51ehlKri1QkvQla0iA,Gamer,207,0,0,3215,488.0,0.0,0.0,66800.0,15,0,0,6,3422,67288.0,21,Micro
359,a-63b784a4509c11eb9aea8c8590014502,LOOPER CG,0,0,0,UCtTJtdLncd1gDvNdaw2mzJw,Gamer,0,0,0,88820,0.0,0.0,0.0,974000.0,0,0,0,2,88820,974000.0,2,Macro
360,a-63b6224e509c11eb9aea8c8590014502,Bay Riffer,1658330000000000,270194503,0,UCbOo-f3InU38IZV5tREzsNg,Gamer,2282834,0,0,3751083,281809.0,0.0,0.0,3610000.0,457,0,0,342,6033917,3891809.0,799,Mega
361,a-63b64076509c11eb9aea8c8590014502,Bossense,544453000000000,0,261162804,0,Gamer,142241,0,305,0,13228.0,0.0,2004.0,0.0,423,0,2,0,142546,15232.0,425,Micro
362,a-63b90086509c11eb9aea8c8590014502,THE AUN GAME,0,0,0,UCwtp6MNQF6y737y0t8wnD2g,Gamer,0,0,0,1041246,0.0,0.0,0.0,633000.0,0,0,0,395,1041246,633000.0,395,Macro
363,a-63b7de68509c11eb9aea8c8590014502,MiTH,103134000000000,3112283780,8558403049,UCwSXQwm4__QGkwG9hSUJQMw,Gamer,1734252,2798,0,4514,272264.0,8768.0,0.0,46200.0,661,147,0,9,1741564,327232.0,817,Macro
364,a-63b72ba8509c11eb9aea8c8590014502,HuaHed,1603840000000000,0,0,UCen33nRYlITL2cSNK6O0FYQ,Gamer,1064115,0,0,15637,62053.0,0.0,0.0,116000.0,361,0,0,30,1079752,178053.0,391,Macro
365,a-63b92016509c11eb9aea8c8590014502,Talon Esports TH,111033000000000,0,0,UCkLQ6uxevNJBXowR9w_sRaA,Gamer,471496,0,0,16558,35883.0,0.0,0.0,8360.0,601,0,0,61,488054,44243.0,662,Micro
366,a-63b7766c509c11eb9aea8c8590014502,Koonguy CH,0,0,0,UCQEOcRguYOIeAtB7_e6kmKQ,Gamer,0,0,0,2152,0.0,0.0,0.0,661000.0,0,0,0,122,2152,661000.0,122,Macro
367,a-63b5b44e509c11eb9aea8c8590014502,WopLastNighTV,534035000000000,0,1340086139,UCCsscpVczJJz8Cy5ZAdsv4g,Gamer,23460,0,258,7868,6696.0,0.0,1169.0,157000.0,179,0,13,501,31586,164865.0,693,Macro
368,a-63b7fe7a509c11eb9aea8c8590014502,MyArena,556525000000000,0,0,UC13vPM3Sy1xMcLDS2rul9aA,Gamer,600,0,0,0,64006.0,0.0,0.0,0.0,9,0,0,0,600,64006.0,9,Micro
369,a-63b8067c509c11eb9aea8c8590014502,N NEXT CH,655331000000000,0,0,UCive4O27QoY5Y9B4y-j0Ggw,Gamer,0,0,0,1281926,0.0,0.0,0.0,1640000.0,0,0,0,175,1281926,1640000.0,175,Mega
370,a-63b82a26509c11eb9aea8c8590014502,NutTH Channel,0,0,0,UCbCxuykkWG_jVcNIN_gLIKA,Gamer,0,0,0,41275,0.0,0.0,0.0,793000.0,0,0,0,48,41275,793000.0,48,Macro
371,a-63b6d194509c11eb9aea8c8590014502,FiawKunG Channel,0,0,0,UC5e-oRei6VcTq1HYC5S27pg,Gamer,0,0,0,229218,0.0,0.0,0.0,582000.0,0,0,0,58,229218,582000.0,58,Macro
372,a-63b8c99a509c11eb9aea8c8590014502,SoraMix,0,0,0,UCEkvpDIbvt59z045DJi3WHQ,Gamer,0,0,0,238378,0.0,0.0,0.0,61300.0,0,0,0,253,238378,61300.0,253,Micro
373,a-63b6e242509c11eb9aea8c8590014502,GAMERGUY,1607150000000000,0,0,0,Gamer,40287,0,0,0,54236.0,0.0,0.0,0.0,155,0,0,0,40287,54236.0,155,Micro
374,a-63b63004509c11eb9aea8c8590014502,BlaSTzFun Ch,260210000000000,0,0,UCy8QiFcVvMzzJ1xHiW88eTA,Gamer,0,0,0,2648,0.0,0.0,0.0,182000.0,0,0,0,109,2648,182000.0,109,Macro
375,a-63b81fb8509c11eb9aea8c8590014502,Neotica,387986000000000,0,0,UCYXyHBOVEM8nHpgXKtGohgA,Gamer,212082,0,0,18625,39603.0,0.0,0.0,52000.0,237,0,0,22,230707,91603.0,259,Micro
376,a-63b6fed0509c11eb9aea8c8590014502,GenGaGame - เก่งกะเกม,0,0,0,UComdqu_k7xZnF0HqTeUQ4rg,Gamer,0,0,0,78,0.0,0.0,0.0,1070.0,0,0,0,10,78,1070.0,10,Nano
377,a-63b71442509c11eb9aea8c8590014502,Green Ezqelusia,0,0,0,UC48IQx-ezGoKBLZmeU-ojGg,Gamer,0,0,0,109366,0.0,0.0,0.0,802000.0,0,0,0,173,109366,802000.0,173,Macro
378,a-63b79cdc509c11eb9aea8c8590014502,MEGAXGAME,156848000000,0,0,0,Gamer,5905,0,0,0,8754.0,0.0,0.0,0.0,452,0,0,0,5905,8754.0,452,Nano
379,a-63b7a72c509c11eb9aea8c8590014502,MOV Studio,0,0,0,UCckhIZQB0ToGhEPWj2wPb9Q,Gamer,0,0,0,74646,0.0,0.0,0.0,269000.0,0,0,0,4,74646,269000.0,4,Macro
380,a-63ba02b0509c11eb9aea8c8590014502,Yamatum O,0,0,0,UC2o99rDqg6wcG8i0HdIzqZQ,Gamer,0,0,0,830669,0.0,0.0,0.0,2050000.0,0,0,0,109,830669,2050000.0,109,Mega
381,a-63b858fc509c11eb9aea8c8590014502,PlayStation Thailand Nation,396937000000000,0,0,0,Gamer,304084,0,0,0,69758.0,0.0,0.0,0.0,1255,0,0,0,304084,69758.0,1255,Micro
382,a-63b8dafc509c11eb9aea8c8590014502,Summer is Here,645120000000000,0,0,UCW6_q6xz_nDQFyzw59flcgQ,Gamer,0,0,0,81654,0.0,0.0,0.0,60200.0,0,0,0,34,81654,60200.0,34,Micro
383,a-63b85578509c11eb9aea8c8590014502,Pinkguschu,1613930000000000,8.70773e+,9858284,UCK0ZKTJgHeTp7Lm1Sm2jhIQ,Gamer,1351317,0,10547,0,69984.0,0.0,17802.0,0.0,612,0,4,0,1361864,87786.0,616,Micro
384,a-63b6f44e509c11eb9aea8c8590014502,Gamerism,490746000000000,0,0,0,Gamer,5369,0,0,0,5951.0,0.0,0.0,0.0,210,0,0,0,5369,5951.0,210,Nano
385,a-63ba0878509c11eb9aea8c8590014502,Yoyoyo Channel,668266000000000,0,3176231776,UCdCU_7aX8d7PaJ8cBbJQLGQ,Gamer,1343,0,0,676310,1332.0,0.0,0.0,464000.0,133,0,0,235,677653,465332.0,368,Macro
386,a-63b79962509c11eb9aea8c8590014502,MAOKUMA,0,0,0,UC9VdZC57oKv2bF9OWh3qP8g,Gamer,0,0,0,1507547,0.0,0.0,0.0,550000.0,0,0,0,440,1507547,550000.0,440,Macro
387,a-63b6f7dc509c11eb9aea8c8590014502,Gaming Room,1560710000000000,0,0,0,Gamer,899,0,0,0,81725.0,0.0,0.0,0.0,25,0,0,0,899,81725.0,25,Micro
388,a-63b66948509c11eb9aea8c8590014502,Coolerist,566727000000000,1321924752,0,UCZGs51VPA26CAvUkwnoIiig,Gamer,37482,34,0,3171,4063.0,409.0,0.0,48600.0,309,18,0,28,40687,53072.0,355,Micro
389,a-63b8baf4509c11eb9aea8c8590014502,SkizzTV,472026000000000,0,0,UC4FMgDeNBwQaNEaav5PjtMQ,Gamer,0,0,0,9393584,0.0,0.0,0.0,5470000.0,0,0,0,255,9393584,5470000.0,255,Mega
390,a-63b69a1c509c11eb9aea8c8590014502,Edwin,1574910000000000,0,0,UCRdfappjrS_7AUZ1vlZilag,Gamer,4712869,0,0,361665,124230.0,0.0,0.0,261000.0,1370,0,0,163,5074534,385230.0,1533,Macro
391,a-63baa4ae509c11eb9aea8c8590014502,เกมเมอร์อมตีน,1575530000000000,0,0,0,Gamer,10051332,0,0,0,405759.0,0.0,0.0,0.0,3549,0,0,0,10051332,405759.0,3549,Macro
392,a-63b7d9ea509c11eb9aea8c8590014502,MheeGamer,190069000000000,0,0,UClRxt-U7Gdi0QM8CQ8s0wmA,Gamer,350,0,0,211619,1848.0,0.0,0.0,275000.0,12,0,0,91,211969,276848.0,103,Macro
393,a-63b5e50e509c11eb9aea8c8590014502,AOV World,368838000000000,1.0829e+,0,UCdt9FzvKA5kk-yIbB4K6dTA,Gamer,0,0,0,16,0.0,0.0,0.0,20300.0,0,0,0,1,16,20300.0,1,Micro
394,a-63b8be64509c11eb9aea8c8590014502,Slapper,0,0,0,UC8fWyZQfxhakER1VrBnMlEQ,Gamer,0,0,0,1868734,0.0,0.0,0.0,1270000.0,0,0,0,297,1868734,1270000.0,297,Mega
395,a-63b8116c509c11eb9aea8c8590014502,NONTAKAN N.S.,1121730000000000,0,0,UCadvHR_ymmdouo3Sgb7Uf_w,Gamer,0,0,0,2016572,0.0,0.0,0.0,1940000.0,0,0,0,139,2016572,1940000.0,139,Mega
396,a-63ba7a56509c11eb9aea8c8590014502,กาย หงิด,733186000000000,0,7151803901,UC79u_tfhqjGIi1tgWsJEG7Q,Gamer,0,0,224096,6734033,0.0,0.0,181590.0,3680000.0,0,0,12,214,6958129,3861590.0,226,Mega
397,a-63b85ff0509c11eb9aea8c8590014502,Playpost,102981000000000,0,0,0,Gamer,132766,0,0,0,13662.0,0.0,0.0,0.0,1184,0,0,0,132766,13662.0,1184,Micro
398,a-63b89f42509c11eb9aea8c8590014502,Seeding FIFA,364542000000000,0,0,UCKbwglC29XtbtvYaKsVfPOw,Gamer,0,0,0,53108,0.0,0.0,0.0,427000.0,0,0,0,166,53108,427000.0,166,Macro
399,a-63b97660509c11eb9aea8c8590014502,VVFwave Kung,0,0,0,UCgnfhwqu9RdSHqCR2wULc3A,Gamer,0,0,0,1982732,0.0,0.0,0.0,2200000.0,0,0,0,390,1982732,2200000.0,390,Mega
400,a-63c2274c509c11eb9aea8c8590014502,พ่อสอนลูกลงทุน,1442730000000000,0,0,0,Investing,143353,0,0,0,183211.0,0.0,0.0,0.0,50,0,0,0,143353,183211.0,50,Macro
401,a-63bebd5a509c11eb9aea8c8590014502,MudleyGroup,126836000000000,52712721,9122657988,UC2Be4P_hCZ4bJphaKXnFWZw,Investing,180158,0,5,687,36658.0,0.0,194.0,14600.0,520,0,1,53,180850,51452.0,574,Micro
402,a-63bf81e0509c11eb9aea8c8590014502,THE MONEY COACH,268152000000000,387733846,0,UCn5Y_KiTtgQWS3mibkbYJEA,Investing,0,46303,0,36352,0.0,22180.0,0.0,270000.0,0,215,0,167,82655,292180.0,382,Macro
403,a-63c1bbcc509c11eb9aea8c8590014502,เซเลบหุ้น : Bud Fox,446451000000000,0,0,0,Investing,2661,0,0,0,7487.0,0.0,0.0,0.0,267,0,0,0,2661,7487.0,267,Nano
404,a-63bda9ba509c11eb9aea8c8590014502,Bcare Fanclub,1444420000000000,0,0,0,Investing,1003,0,0,0,6837.0,0.0,0.0,0.0,26,0,0,0,1003,6837.0,26,Nano
405,a-63c16f3c509c11eb9aea8c8590014502,หุ้นขั้นเทพ,1622260000000000,0,0,0,Investing,7132,0,0,0,71075.0,0.0,0.0,0.0,143,0,0,0,7132,71075.0,143,Micro
406,a-63bdf00a509c11eb9aea8c8590014502,CrisisMan,238328000000000,0,0,0,Investing,18413,0,0,0,15832.0,0.0,0.0,0.0,296,0,0,0,18413,15832.0,296,Micro
407,a-63be672e509c11eb9aea8c8590014502,KwinKon การเงิน,104216000000000,0,0,0,Investing,840,0,0,0,844.0,0.0,0.0,0.0,278,0,0,0,840,844.0,278,End-user
408,a-63bfa292509c11eb9aea8c8590014502,Thaifundstoday,135455000000000,0,0,0,Investing,32,0,0,0,11005.0,0.0,0.0,0.0,4,0,0,0,32,11005.0,4,Micro
409,a-63c06c68509c11eb9aea8c8590014502,ความลับของเงิน,2154850000000000,0,0,0,Investing,13038,0,0,0,54961.0,0.0,0.0,0.0,82,0,0,0,13038,54961.0,82,Micro
410,a-63bf7a06509c11eb9aea8c8590014502,TFEX Traders,0,0,0,UCZjpYmnEisjbgibWlp9tkew,Investing,0,0,0,6394,0.0,0.0,0.0,2490.0,0,0,0,265,6394,2490.0,265,Nano
411,a-63be9e60509c11eb9aea8c8590014502,Money Talk,154646000000000,0,0,0,Investing,79062,0,0,0,142611.0,0.0,0.0,0.0,429,0,0,0,79062,142611.0,429,Macro
412,a-63bf3ab4509c11eb9aea8c8590014502,Stock JourNoey,226003000000000,0,0,0,Investing,1003167,0,0,0,257857.0,0.0,0.0,0.0,1258,0,0,0,1003167,257857.0,1258,Macro
413,a-63c1af9c509c11eb9aea8c8590014502,เกิดมาใช้ตัง,209241000000000,8.98904e+,0,0,Investing,295228,0,0,0,354523.0,0.0,0.0,0.0,648,0,0,0,295228,354523.0,648,Macro
414,a-63c14a2a509c11eb9aea8c8590014502,สอนเล่นหุ้น ออนไลน์ ฟรี เรียนหุ้น VDO เก็งกำไร กราฟเทคนิคหุ้นบน Youtube,482662000000000,0,0,UCqfGiyp2VW-Fio7N3X4QQ9Q,Investing,0,0,0,22262,0.0,0.0,0.0,41200.0,0,0,0,28,22262,41200.0,28,Micro
415,a-63be6008509c11eb9aea8c8590014502,Kittitat Wasati,0,0,0,UCxW5iaN0cVqs87th256twsw,Investing,0,0,0,15325,0.0,0.0,0.0,77700.0,0,0,0,73,15325,77700.0,73,Micro
416,a-63bef0fe509c11eb9aea8c8590014502,Peakky Money - เด็กการเงิน,107788000000000,0,0,0,Investing,1463,0,0,0,521.0,0.0,0.0,0.0,110,0,0,0,1463,521.0,110,End-user
417,a-63bf2420509c11eb9aea8c8590014502,Sinthorn,192435000000,64674441,6553650,0,Investing,229888,26426,1786,0,195217.0,321571.0,1937.0,0.0,423,635,61,0,258100,518725.0,1119,Macro
418,a-63c0e95e509c11eb9aea8c8590014502,มนุษย์เงินเดือนพันธุ์ใหม่,674638000000000,0,0,UCLf5U47e8T8hmlCElsXt3Aw,Investing,4390228,0,0,1667,680398.0,0.0,0.0,7230.0,1161,0,0,144,4391895,687628.0,1305,Macro
419,a-63c041c0509c11eb9aea8c8590014502,stock2morrow,105542000000000,0,0,0,Investing,316420,0,0,0,256588.0,0.0,0.0,0.0,2133,0,0,0,316420,256588.0,2133,Macro
420,a-63c11fbe509c11eb9aea8c8590014502,ลงทุนแมน,113397000000000,9.65801e+,5534378474,UCtFf0Mb7MaluoPuyYonfaPQ,Investing,14191333,0,5004029,10345,1381597.0,0.0,295709.0,24500.0,2671,0,1216,135,19205707,1701806.0,4022,Mega
421,a-63c15196509c11eb9aea8c8590014502,สแกนหุ้น,537303000000000,0,0,0,Investing,2121127,0,0,0,130625.0,0.0,0.0,0.0,4427,0,0,0,2121127,130625.0,4427,Macro
422,a-63bec34a509c11eb9aea8c8590014502,NEETTO V.2,0,0,0,UCiyddtbEDPPpfS6BlwmPESQ,Investing,0,0,0,92979,0.0,0.0,0.0,109000.0,0,0,0,59,92979,109000.0,59,Macro
423,a-63c18940509c11eb9aea8c8590014502,หุ้นสมาร์ท - HoonSmart : เสนอความจริง ทุกการลงทุน,237352000000000,1.03247e+,7559550601,0,Investing,372890,0,0,0,41189.0,0.0,0.0,0.0,5313,0,0,0,372890,41189.0,5313,Micro
424,a-63c05b42509c11eb9aea8c8590014502,การเงินธนาคาร,151234000000000,8.62221e+,0,UCCP3UThwaz7TxIXWKvGSeaA,Investing,299776,0,0,497,206960.0,0.0,0.0,689.0,5901,0,0,52,300273,207649.0,5953,Macro
425,a-63becae8509c11eb9aea8c8590014502,Narikaa money,2447530000000000,0,0,UC-2PvCjARBOTjuHgEmtm-6A,Investing,0,0,0,67082,0.0,0.0,0.0,22100.0,0,0,0,364,67082,22100.0,364,Micro
426,a-63bf8c80509c11eb9aea8c8590014502,TaxBugnoms,142036000000000,1.01616e+,0,UCee2I65PqjZbCwnX2jGha0g,Investing,1491353,0,0,16275,463969.0,0.0,0.0,45500.0,1872,0,0,162,1507628,509469.0,2034,Macro
427,a-63bdb64e509c11eb9aea8c8590014502,Beer Vanon,1698120000000000,0,0,0,Investing,399849,0,0,0,43491.0,0.0,0.0,0.0,375,0,0,0,399849,43491.0,375,Micro
428,a-63c1bf96509c11eb9aea8c8590014502,เทรดเดอร์ ซุนกวน signal,376898000000000,0,0,0,Investing,41267,0,0,0,9245.0,0.0,0.0,0.0,321,0,0,0,41267,9245.0,321,Nano
429,a-63bfb1c4509c11eb9aea8c8590014502,The Money Gym เทรนการเงินของคุณให้แข็งแรง,165310000000000,0,0,0,Investing,425,0,0,0,2833.0,0.0,0.0,0.0,84,0,0,0,425,2833.0,84,Nano
430,a-63bfddc0509c11eb9aea8c8590014502,Trading Battle,2034070000000000,0,0,0,Investing,13369,0,0,0,4969.0,0.0,0.0,0.0,114,0,0,0,13369,4969.0,114,Nano
431,a-63be33ee509c11eb9aea8c8590014502,Hook Money,100782000000000,0,0,0,Investing,3108,0,0,0,826.0,0.0,0.0,0.0,91,0,0,0,3108,826.0,91,End-user
432,a-63c15cb8509c11eb9aea8c8590014502,หมีน้อยนักลงทุน,406463000000000,0,0,0,Investing,6,0,0,0,33863.0,0.0,0.0,0.0,3,0,0,0,6,33863.0,3,Micro
433,a-63bea5fe509c11eb9aea8c8590014502,Moomint survivortrade,310724000000000,0,0,0,Investing,16177,0,0,0,2821.0,0.0,0.0,0.0,1122,0,0,0,16177,2821.0,1122,Nano
434,a-63c158f8509c11eb9aea8c8590014502,หมอส่องกล้อง,533440000000000,0,0,0,Investing,258035,0,0,0,46292.0,0.0,0.0,0.0,758,0,0,0,258035,46292.0,758,Micro
435,a-63be20a2509c11eb9aea8c8590014502,Forex Risk Way,380568000000000,0,0,0,Investing,50881,0,0,0,66574.0,0.0,0.0,0.0,657,0,0,0,50881,66574.0,657,Micro
436,a-63c1d94a509c11eb9aea8c8590014502,เล่าเรื่องหุ้น by อ.โอ๊ค,1437290000000000,0,0,0,Investing,56838,0,0,0,68035.0,0.0,0.0,0.0,125,0,0,0,56838,68035.0,125,Micro
437,a-63c12f0e509c11eb9aea8c8590014502,วางแผนการเงินกับภูเขา Poohkao Financial Club,150320000000000,1.15916e+,0,UCPq_1ZiNGjOLH-K--sQOttA,Investing,3064,0,0,159,2801.0,0.0,0.0,653.0,251,0,0,16,3223,3454.0,267,Nano
438,a-63c107e0509c11eb9aea8c8590014502,รู้จริงเศรษฐกิจไทย,974415000000000,0,0,UCLK_PQNMIS7WBogeISpJ3eA,Investing,9278,0,0,1384,98472.0,0.0,0.0,19900.0,17,0,0,26,10662,118372.0,43,Macro
439,a-63bdfdde509c11eb9aea8c8590014502,Digital Advisors นักวางแผนการเงินดิจิทัล,107170000000000,0,0,UCYebcNkfYW1bDS-7oN0pRFA,Investing,960,0,0,24,1538.0,0.0,0.0,13.0,30,0,0,11,984,1551.0,41,Nano
440,a-63c06222509c11eb9aea8c8590014502,กิติชัย เตชะงามเลิศ,293406000000000,23704747,0,0,Investing,0,49528,0,0,0.0,10029.0,0.0,0.0,0,1946,0,0,49528,10029.0,1946,Micro
441,a-63c10376509c11eb9aea8c8590014502,รวยด้วย Forex,349881000000000,0,0,0,Investing,26091,0,0,0,13999.0,0.0,0.0,0.0,492,0,0,0,26091,13999.0,492,Micro
442,a-63c1d260509c11eb9aea8c8590014502,เล่นหุ้นกับบัง,100697000000000,0,0,0,Investing,878,0,0,0,2041.0,0.0,0.0,0.0,79,0,0,0,878,2041.0,79,Nano
443,a-63bda4b0509c11eb9aea8c8590014502,BPs Trading Diary,323604000000000,0,0,0,Investing,31,0,0,0,1057.0,0.0,0.0,0.0,2,0,0,0,31,1057.0,2,Nano
444,a-63bef4c8509c11eb9aea8c8590014502,Pichai Chawla,1589010000000000,0,0,UCMlSIIs2YHEFYrGkRW2TTzg,Investing,22975,0,0,0,68146.0,0.0,0.0,0.0,14,0,0,0,22975,68146.0,14,Micro
445,a-63be307e509c11eb9aea8c8590014502,"GraphTechnic by อ.กบ ธนกร คุ้มรำไพ CMT,CFTe",710580000000000,0,0,0,Investing,11872,0,0,0,51408.0,0.0,0.0,0.0,417,0,0,0,11872,51408.0,417,Micro
446,a-63c1ebd8509c11eb9aea8c8590014502,โค้ชพี่ป๊อบ,203130000000000,0,0,UCEZTxEfh51yCMDR-Kr8jCiw,Investing,93626,0,0,2553,39118.0,0.0,0.0,2430.0,368,0,0,29,96179,41548.0,397,Micro
447,a-63bf64da509c11eb9aea8c8590014502,Stockdirection,485672000000000,0,0,0,Investing,46995,0,0,0,11651.0,0.0,0.0,0.0,1739,0,0,0,46995,11651.0,1739,Micro
448,a-63c01f06509c11eb9aea8c8590014502,Zyo Books,1427940000000000,0,0,0,Investing,7531,0,0,0,10044.0,0.0,0.0,0.0,132,0,0,0,7531,10044.0,132,Micro
449,a-63c1c716509c11eb9aea8c8590014502,เม่ากลับใจ,106096000000000,0,0,0,Investing,62388,0,0,0,17697.0,0.0,0.0,0.0,2266,0,0,0,62388,17697.0,2266,Micro
450,a-63c1b79e509c11eb9aea8c8590014502,เซียนประกัน Insurance Evangelist,1780310000000000,0,0,0,Investing,1757,0,0,0,24581.0,0.0,0.0,0.0,79,0,0,0,1757,24581.0,79,Micro
451,a-63bf3ee2509c11eb9aea8c8590014502,Stock Rookie,207329000000000,0,0,0,Investing,33450,0,0,0,8832.0,0.0,0.0,0.0,138,0,0,0,33450,8832.0,138,Nano
452,a-63bfe23e509c11eb9aea8c8590014502,Trading Psychology จิตวิทยาการลงทุน,107485000000000,0,0,0,Investing,13167,0,0,0,8448.0,0.0,0.0,0.0,26,0,0,0,13167,8448.0,26,Nano
453,a-63c076ae509c11eb9aea8c8590014502,งงหุ้น,139098000000000,0,0,0,Investing,7166,0,0,0,111817.0,0.0,0.0,0.0,85,0,0,0,7166,111817.0,85,Macro
454,a-63c0de82509c11eb9aea8c8590014502,พ่อบ้าน นักลงทุน ที่ปรึกษาการลงทุนหุ้น เเละ Single license,321389000000000,0,2896287047,UCeC6X1fLZkEGVmqgsC7Q60A,Investing,37472,0,0,2,120209.0,0.0,0.0,289.0,2191,0,0,2,37474,120498.0,2193,Macro
455,a-63c057d2509c11eb9aea8c8590014502,การลงทุนของมนุษย์เงินเดือน,399591000000000,0,0,0,Investing,3726,0,0,0,8192.0,0.0,0.0,0.0,317,0,0,0,3726,8192.0,317,Nano
456,a-63bfae40509c11eb9aea8c8590014502,The Bottom UP,679721000000000,0,0,0,Investing,14057,0,0,0,5119.0,0.0,0.0,0.0,174,0,0,0,14057,5119.0,174,Nano
457,a-63c0ffd4509c11eb9aea8c8590014502,ม้าเฉียว ดูหุ้น The Future,611338000000000,0,0,0,Investing,14097545,0,0,0,196554.0,0.0,0.0,0.0,5145,0,0,0,14097545,196554.0,5145,Macro
458,a-63c167da509c11eb9aea8c8590014502,หุ้น The Big Short,104395000000000,0,0,0,Investing,13915,0,0,0,15260.0,0.0,0.0,0.0,184,0,0,0,13915,15260.0,184,Micro
459,a-63be7c00509c11eb9aea8c8590014502,MacroView,112992000000000,0,0,0,Investing,59087,0,0,0,14782.0,0.0,0.0,0.0,647,0,0,0,59087,14782.0,647,Micro
460,a-63c17e28509c11eb9aea8c8590014502,หุ้นปั่น (Hoonpunn),208733000000000,0,0,0,Investing,3636,0,0,0,132544.0,0.0,0.0,0.0,1879,0,0,0,3636,132544.0,1879,Macro
461,a-63c18daa509c11eb9aea8c8590014502,หุ้นเบรค บอกด้วย,102346000000000,0,0,0,Investing,8577,0,0,0,5155.0,0.0,0.0,0.0,148,0,0,0,8577,5155.0,148,Nano
462,a-63c0a49e509c11eb9aea8c8590014502,ทวีสุข ธรรมศักดิ์,251902000000000,0,0,0,Investing,1303729,0,0,0,63211.0,0.0,0.0,0.0,1187,0,0,0,1303729,63211.0,1187,Micro
463,a-63c068f8509c11eb9aea8c8590014502,คลินิกกองทุน,1492290000000000,0,0,0,Investing,118959,0,0,0,170088.0,0.0,0.0,0.0,220,0,0,0,118959,170088.0,220,Macro
464,a-63bf063e509c11eb9aea8c8590014502,Poh Trader's Way โลกในมุมมองของนักเก็งกำไร,294626000000000,0,0,UCGLKGs5h397k_x1cPFvb8Cw,Investing,41257,0,0,236,39113.0,0.0,0.0,13400.0,155,0,0,4,41493,52513.0,159,Micro
465,a-63c0fb7e509c11eb9aea8c8590014502,มานี่ มีตังค์,200881000000000,0,0,0,Investing,22,0,0,0,5940.0,0.0,0.0,0.0,7,0,0,0,22,5940.0,7,Nano
466,a-63c1aab0509c11eb9aea8c8590014502,เกษียณสบายสุข,641596000000000,0,0,0,Investing,13752,0,0,0,11265.0,0.0,0.0,0.0,464,0,0,0,13752,11265.0,464,Micro
467,a-63c0d3a6509c11eb9aea8c8590014502,ปลูกหุ้นกินผล,198069000000000,0,0,0,Investing,47,0,0,0,9914.0,0.0,0.0,0.0,8,0,0,0,47,9914.0,8,Nano
468,a-63c00638509c11eb9aea8c8590014502,Wealthy Thai,1747420000000000,0,0,UCz929HvTSMKrU1fT8VmAs7Q,Investing,449931,0,0,296,130847.0,0.0,0.0,692.0,2825,0,0,43,450227,131539.0,2868,Macro
469,a-63c1f9a2509c11eb9aea8c8590014502,ไข่นุ้ย Daytrade สร้างรายได้วันละพัน,109054000000000,0,0,0,Investing,13803,0,0,0,2918.0,0.0,0.0,0.0,574,0,0,0,13803,2918.0,574,Nano
470,a-63be8d3a509c11eb9aea8c8590014502,Momentum investor,975142000000000,0,0,UCym-i3AtgbM6pvuglDlNRxA,Investing,849,0,0,7898,10025.0,0.0,0.0,8550.0,25,0,0,54,8747,18575.0,79,Micro
471,a-63c1147e509c11eb9aea8c8590014502,ลงทุน.life,101259000000000,0,0,0,Investing,8883,0,0,0,10438.0,0.0,0.0,0.0,101,0,0,0,8883,10438.0,101,Micro
472,a-63bde222509c11eb9aea8c8590014502,Buffettcode,1105110000000000,0,0,0,Investing,65593,0,0,0,149278.0,0.0,0.0,0.0,326,0,0,0,65593,149278.0,326,Macro
473,a-63c05eb2509c11eb9aea8c8590014502,กาแฟหุ้น,104190000000000,0,0,0,Investing,76169,0,0,0,5256.0,0.0,0.0,0.0,1025,0,0,0,76169,5256.0,1025,Nano
474,a-63bffdd2509c11eb9aea8c8590014502,WealthMagik - ลงทุนง่ายๆ แค่ปลายนิ้ว,204404000000000,256813461,2303531863,UCclBjPON_jYkEMIj_Jz6uYg,Investing,28428,109,384,473,106100.0,2779.0,1018.0,4640.0,453,61,62,100,29394,114537.0,676,Macro
475,a-63c132e2509c11eb9aea8c8590014502,วีรวัฒน์ วีรวรรณ Tah Werawat,160472000000000,0,0,0,Investing,14,0,0,0,11847.0,0.0,0.0,0.0,2,0,0,0,14,11847.0,2,Micro
476,a-63bdf370509c11eb9aea8c8590014502,DaddyTrader,361747000000000,0,0,0,Investing,1991,0,0,0,22457.0,0.0,0.0,0.0,57,0,0,0,1991,22457.0,57,Micro
477,a-63c1fd12509c11eb9aea8c8590014502,ไดอารี่การเงิน - Money Diaries,112425000000000,0,26733062166,UCYAx_-jc9bK-A_Cfuoyw8fw,Investing,56829,0,949,70457,17263.0,0.0,437.0,45300.0,847,0,62,288,128235,63000.0,1197,Micro
478,a-63be0bbc509c11eb9aea8c8590014502,Fin in Blog,447107000000000,0,0,0,Investing,8437,0,0,0,3014.0,0.0,0.0,0.0,166,0,0,0,8437,3014.0,166,Nano
479,a-63c1cacc509c11eb9aea8c8590014502,เม่าโต้คลื่น,103812000000000,0,0,0,Investing,102556,0,0,0,20094.0,0.0,0.0,0.0,4400,0,0,0,102556,20094.0,4400,Micro
480,a-63c07d8e509c11eb9aea8c8590014502,จิตวิทยาและแนวคิดเกี่ยวกับการลงทุน,270556000000000,0,0,0,Investing,48028,0,0,0,58608.0,0.0,0.0,0.0,330,0,0,0,48028,58608.0,330,Micro
481,a-63c04c2e509c11eb9aea8c8590014502,กองทุนไหนดี?,204722000000000,0,0,0,Investing,68,0,0,0,22786.0,0.0,0.0,0.0,6,0,0,0,68,22786.0,6,Micro
482,a-63c0b9de509c11eb9aea8c8590014502,นักลงทุนหมายเลข6,101144000000000,0,0,0,Investing,25049,0,0,0,17472.0,0.0,0.0,0.0,132,0,0,0,25049,17472.0,132,Micro
483,a-63c19a84509c11eb9aea8c8590014502,อยากเป็นนักวางแผนการเงิน,573961000000000,0,9786897798,UC9HX0oyjs0vrRcb0QcWDUUg,Investing,22146,0,303,18,10353.0,0.0,383.0,92.0,620,0,53,38,22467,10828.0,711,Micro
484,a-63bf0a4e509c11eb9aea8c8590014502,Pragasit Thitaram Investor,502874000000000,0,0,0,Investing,1356,0,0,0,16663.0,0.0,0.0,0.0,44,0,0,0,1356,16663.0,44,Micro
485,a-63c1cef0509c11eb9aea8c8590014502,เรื่องเงิน เข้าใจง่าย by ดร.ปิ่น,669406000000000,0,0,0,Investing,16090,0,0,0,9296.0,0.0,0.0,0.0,167,0,0,0,16090,9296.0,167,Nano
486,a-63c2375a509c11eb9aea8c8590014502,Invest Like A Pro,305001000000000,0,0,0,Investing,39056,0,0,0,161530.0,0.0,0.0,0.0,92,0,0,0,39056,161530.0,92,Macro
487,a-63bf1930509c11eb9aea8c8590014502,Sherstock Holmes,1800550000000000,1.0636e+,0,0,Investing,30974,0,0,0,109739.0,0.0,0.0,0.0,240,0,0,0,30974,109739.0,240,Macro
488,a-63c0a822509c11eb9aea8c8590014502,ทันหุ้น,194531000000000,0,0,0,Investing,873774,0,0,0,159936.0,0.0,0.0,0.0,16731,0,0,0,873774,159936.0,16731,Macro
489,a-63c1a6dc509c11eb9aea8c8590014502,อ่านงบการเงินไม่ยาก - Money Hero,325118000000000,0,0,UCQ9GeIRkWhpobJmy4UZqNsg,Investing,0,0,0,206384,0.0,0.0,0.0,102000.0,0,0,0,667,206384,102000.0,667,Macro
490,a-63be12ba509c11eb9aea8c8590014502,Financial Times by Mongkol,724008000000000,0,0,0,Investing,35751,0,0,0,46013.0,0.0,0.0,0.0,376,0,0,0,35751,46013.0,376,Micro
491,a-63bf7df8509c11eb9aea8c8590014502,TFPA,144573000000000,0,0,0,Investing,83605,0,0,0,15976.0,0.0,0.0,0.0,112,0,0,0,83605,15976.0,112,Micro
492,a-63c0af48509c11eb9aea8c8590014502,"ทำกำไรหุ้นด้วย ""ราคา&วอลลุ่ม"" by PV Trader",1692590000000000,0,0,0,Investing,128853,0,0,0,56943.0,0.0,0.0,0.0,486,0,0,0,128853,56943.0,486,Micro
493,a-63bdec9a509c11eb9aea8c8590014502,Club VI,201022000000000,0,0,0,Investing,187036,0,0,0,100254.0,0.0,0.0,0.0,512,0,0,0,187036,100254.0,512,Macro
494,a-63be1634509c11eb9aea8c8590014502,Financial สบาย สบาย,243998000000000,0,0,0,Investing,3713,0,0,0,9523.0,0.0,0.0,0.0,36,0,0,0,3713,9523.0,36,Nano
495,a-63c1a2ea509c11eb9aea8c8590014502,อิป้าหามาเล่า - E'pa hamalao ล้วงลึกทุกการลงทุน หุ้น กองทุนรวม,163443000000000,9.73782e+,7293505601,UCShB5r2xwR0zPAsPMFuL3xw,Investing,78787,0,219,5,55138.0,0.0,433.0,74.0,1438,0,138,6,79011,55645.0,1582,Micro
496,a-63c0bdee509c11eb9aea8c8590014502,นายปั้นเงิน,907023000000000,0,0,0,Investing,32455,0,0,0,47635.0,0.0,0.0,0.0,156,0,0,0,32455,47635.0,156,Micro
497,a-63c08eb4509c11eb9aea8c8590014502,ซั่มหุ้น,519468000000000,0,0,UCixpBRZ_32UCcHYy7IROaUQ,Investing,51449,0,0,262,55338.0,0.0,0.0,4170.0,79,0,0,10,51711,59508.0,89,Micro
498,a-63bf9bc6509c11eb9aea8c8590014502,Thaibma : สมาคมตลาดตราสารหนี้ไทย,140191000000000,110887711,0,UCKcqNnyB2y9663tNtQk_Nyw,Investing,40205,45,0,16,38280.0,995.0,0.0,1470.0,3692,1615,0,8,40266,40745.0,5315,Micro
499,a-63c0530e509c11eb9aea8c8590014502,การลงทุน,104115000000000,0,0,0,Investing,91006,0,0,0,19472.0,0.0,0.0,0.0,745,0,0,0,91006,19472.0,745,Micro
