account_name,category,fb_en,tw_en,ig_en,yt_en,fb_fan,tw_fan,ig_fan,yt_fan,fb_count,tw_count,ig_count,yt_count,tot_en,tot_fan,tot_count,tier
Salisa,Influencer,0,0,26608,0,0.0,0.0,13185.0,0.0,0,0,66,0,26608,13185.0,66,Micro
พลอย CocoPsyche,Influencer,0,10,1987,16,0.0,93.0,9427.0,53800.0,0,12,34,1,2013,63320.0,47,Micro
Bew Varaporn,Influencer,75183,0,1667629,138433,37445.0,0.0,349150.0,478000.0,485,0,179,47,1881245,864595.0,711,Macro
นักรีวิวสมัครเล่น,Influencer,432203,414328,21741,0,267053.0,71851.0,5769.0,0.0,651,320,78,0,868272,344673.0,1049,Macro
Ninew Yopang,Influencer,0,0,6501,24,0.0,0.0,15720.0,1300.0,0,0,24,9,6525,17020.0,33,Micro
lumai (@looookmai),Influencer,0,0,2726,0,0.0,0.0,890.0,0.0,0,0,23,0,2726,890.0,23,End-user
minireview_by_mint,Influencer,0,0,1113,0,0.0,0.0,1426.0,0.0,0,0,14,0,1113,1426.0,14,Nano
nanapat,Influencer,0,0,36830,0,0.0,0.0,30017.0,0.0,0,0,50,0,36830,30017.0,50,Micro
Pureswan,Influencer,0,0,13940,40702,0.0,0.0,7433.0,69700.0,0,0,28,18,54642,77133.0,46,Micro
jimmakeup,Influencer,0,0,31781,0,0.0,0.0,81108.0,0.0,0,0,101,0,31781,81108.0,101,Micro
ppraewq,Influencer,0,0,0,303,0.0,0.0,0.0,34500.0,0,0,0,1,303,34500.0,1,Micro
jejee__s,Influencer,0,0,48802,0,0.0,0.0,43284.0,0.0,0,0,64,0,48802,43284.0,64,Micro
น้องนอนในห้องลองเสื้อ,Influencer,27074,0,13372,0,18011.0,0.0,3430.0,0.0,818,0,83,0,40446,21441.0,901,Micro
belltatcha,Influencer,0,0,164894,0,0.0,0.0,136892.0,0.0,0,0,62,0,164894,136892.0,62,Macro
iceamore,Influencer,0,0,13086,0,0.0,0.0,13617.0,0.0,0,0,75,0,13086,13617.0,75,Micro
Cute Anongnart,Influencer,0,0,586024,0,0.0,0.0,145379.0,0.0,0,0,47,0,586024,145379.0,47,Macro
Jayzpanda,Influencer,1348,0,1744,0,3016.0,0.0,7272.0,0.0,222,0,122,0,3092,10288.0,344,Micro
ของขวัญ วศินี สิทธิวรพงศ์,Influencer,0,414835,135567,13339,0.0,181779.0,81824.0,121000.0,0,331,104,32,563741,384603.0,467,Macro
tommy_hairstylist,Influencer,0,0,497,0,0.0,0.0,5986.0,0.0,0,0,34,0,497,5986.0,34,Nano
Netty Vichyanond,Influencer,0,0,51876,0,0.0,0.0,29310.0,0.0,0,0,101,0,51876,29310.0,101,Micro
Arifah KH,Influencer,24364,0,116950,53894,91498.0,0.0,110071.0,375000.0,117,0,71,17,195208,576569.0,205,Macro
Richynichakan,Influencer,0,0,14950,0,0.0,0.0,35730.0,0.0,0,0,72,0,14950,35730.0,72,Micro
นีน่า แพรวเพชร กาญจน์เกียรติกุล,Influencer,0,0,66134,4677,0.0,0.0,115356.0,193000.0,0,0,50,12,70811,308356.0,62,Macro
รีวิวเบๆบ้านๆ,Influencer,0,0,132,0,0.0,0.0,782.0,0.0,0,0,3,0,132,782.0,3,Nano
Amy Kitiya,Influencer,3719926,0,503195,297840,746285.0,0.0,337335.0,1190000.0,515,0,66,53,4520961,2273620.0,634,Mega
MadamPam,Influencer,0,0,3994,132299,0.0,0.0,7305.0,885000.0,0,0,10,81,136293,892305.0,91,Macro
โมเม นภัสสร บูรณศิริ,Influencer,0,2344,277125,62055,0.0,266560.0,779728.0,195000.0,0,18,62,17,341524,1241288.0,97,Mega
LEEAH,Influencer,0,0,235754,95410,0.0,0.0,319528.0,668000.0,0,0,54,15,331164,987528.0,69,Mega
เอิ๊ก พีรญา ป้อมอาษา,Influencer,0,11913,31842,7804,0.0,23007.0,82825.0,123000.0,0,198,94,748,51559,228832.0,1040,Macro
ก็ฝ้ายจะรีวิว,Influencer,0,0,7163,9136,0.0,0.0,1754.0,13500.0,0,0,46,13,16299,15254.0,59,Micro
mm.sharing,Influencer,0,0,2229,0,0.0,0.0,3207.0,0.0,0,0,16,0,2229,3207.0,16,Nano
The Equinox Fashion,Influencer,0,0,4144,0,12548.0,0.0,16682.0,0.0,8,0,30,0,4144,29230.0,38,Micro
hackmakeup,Influencer,0,0,25978,0,0.0,0.0,47484.0,0.0,0,0,103,0,25978,47484.0,103,Macro
ก๊อบแก๊บรีวิว,Influencer,224629,187343,0,0,362568.0,109669.0,0.0,0.0,274,129,0,0,411972,472237.0,403,Macro
teethory,Influencer,0,0,9786,0,0.0,0.0,44182.0,0.0,0,0,53,0,9786,44182.0,53,Micro
pearlinstyle,Influencer,0,0,6037,0,0.0,0.0,49044.0,0.0,0,0,36,0,6037,49044.0,36,Micro
ออนนีเยปอ,Influencer,5410,122004,9095,2088,23961.0,36807.0,5983.0,21300.0,157,211,66,4,138597,88051.0,438,Macro
จูน June Jellyjune,Influencer,0,0,75654,6501,0.0,0.0,44977.0,82100.0,0,0,116,16,82155,127077.0,132,Macro
รีวิวมนุษย์ผิวแห้ง,Influencer,230650,0,0,0,170052.0,0.0,0.0,0.0,598,0,0,0,230650,170052.0,598,Macro
มด ดวงกมล ถิระวัฒน์,Influencer,0,0,194017,44,0.0,0.0,131838.0,75300.0,0,0,486,3,194061,207138.0,489,Macro
Tewfortew,Influencer,0,0,0,5342,0.0,0.0,0.0,40900.0,0,0,0,9,5342,40900.0,9,Micro
tonnkhaw,Influencer,0,0,279404,0,0.0,0.0,63470.0,0.0,0,0,81,0,279404,63470.0,81,Micro
Znysomm,Influencer,0,0,13554,0,0.0,0.0,14085.0,0.0,0,0,33,0,13554,14085.0,33,Micro
ทราย นันทวรรณ พรชัยจันทร์เพ็ญ,Influencer,0,157499,133079,3658,0.0,27817.0,162681.0,126000.0,0,300,180,9,294236,316498.0,489,Macro
SistaCafe,Influencer,678917,121242,339416,3715,1308700.0,213496.0,307689.0,48600.0,1562,1511,151,25,1143290,1878485.0,3249,Mega
jomjamspch,Influencer,0,0,421918,6612,0.0,0.0,199371.0,46300.0,0,0,66,4,428530,245671.0,70,Macro
พรีม with.peachy,Influencer,0,0,8207,0,0.0,0.0,7647.0,0.0,0,0,51,0,8207,7647.0,51,Micro
Lee Gade,Influencer,0,0,1985083,0,0.0,0.0,469659.0,0.0,0,0,88,0,1985083,469659.0,88,Macro
atilalnan_,Influencer,0,0,301564,0,0.0,0.0,177457.0,0.0,0,0,95,0,301564,177457.0,95,Macro
BEHIND the BEAUTY,Influencer,21,0,0,0,99551.0,0.0,0.0,0.0,1,0,0,0,21,99551.0,1,Micro
Wongnai Beauty,Influencer,1879614,87044,63457,0,1662267.0,37021.0,153037.0,0.0,2613,222,186,0,2030115,1852325.0,3021,Mega
sunnyseason,Influencer,0,46,4249,0,0.0,1470.0,4330.0,0.0,0,90,90,0,4295,5800.0,180,Nano
kapookphat,Influencer,0,0,757266,0,0.0,0.0,254161.0,0.0,0,0,83,0,757266,254161.0,83,Macro
Brinkkty,Influencer,191401,0,2055277,89440,76394.0,0.0,360480.0,348000.0,221,0,156,26,2336118,784874.0,403,Macro
Natt Chokejindachai,Influencer,0,0,854136,3689,0.0,0.0,173902.0,25600.0,0,0,113,3,857825,199502.0,116,Macro
puffpoy,Influencer,0,447,56171,0,0.0,1582.0,77077.0,0.0,0,141,28,0,56618,78659.0,169,Micro
malinmln,Influencer,0,0,474796,208,0.0,0.0,287637.0,45400.0,0,0,127,4,475004,333037.0,131,Macro
Maycry999,Influencer,152,0,0,0,63589.0,0.0,0.0,0.0,3,0,0,0,152,63589.0,3,Micro
Wannita Kumnui,Influencer,0,30904,1838,0,0.0,3098.0,2464.0,0.0,0,288,19,0,32742,5562.0,307,Nano
lifestylehattaya70,Influencer,91989,32,117932,16612,200026.0,5625.0,94078.0,351000.0,214,3,85,22,226565,650729.0,324,Macro
bampchr,Influencer,0,0,16607,0,0.0,0.0,39551.0,0.0,0,0,11,0,16607,39551.0,11,Micro
minipuly,Influencer,0,354,2401,0,0.0,291.0,1301.0,0.0,0,171,92,0,2755,1592.0,263,Nano
เมย์ Me.Melissa,Influencer,0,0,2362,126,0.0,0.0,19637.0,93000.0,0,0,36,3,2488,112637.0,39,Macro
Mejungwon Hair Salon,Influencer,4771,0,1007,0,34672.0,0.0,1964.0,0.0,1301,0,184,0,5778,36636.0,1485,Micro
Meiyong Pissini,Influencer,0,0,63925,0,0.0,0.0,40703.0,0.0,0,0,142,0,63925,40703.0,142,Micro
แพรี่พาย อมตา จิตตะเสนีย์,Influencer,0,0,1238701,0,0.0,0.0,1543955.0,0.0,0,0,67,0,1238701,1543955.0,67,Mega
Bybambiandmashi,Influencer,0,0,10249,0,0.0,0.0,17297.0,0.0,0,0,28,0,10249,17297.0,28,Micro
อีฟ Evefee,Influencer,0,0,106423,12427,0.0,0.0,62628.0,186000.0,0,0,138,26,118850,248628.0,164,Macro
Jeban.com,Influencer,357904,125951,6651,0,1284656.0,281297.0,113617.0,0.0,758,94,72,0,490506,1679570.0,924,Mega
Frennicha,Influencer,0,49409,365241,14789,0.0,19883.0,141037.0,130000.0,0,30,111,16,429439,290920.0,157,Macro
ต้นหลิว,Influencer,0,0,430365,0,0.0,0.0,133500.0,0.0,0,0,55,0,430365,133500.0,55,Macro
nattiw,Influencer,0,0,65163,23,0.0,0.0,92054.0,350.0,0,0,206,1,65186,92404.0,207,Micro
Noyneung Makeup,Influencer,25431,34715,213188,72154,115876.0,54161.0,70658.0,146000.0,154,78,114,30,345488,386695.0,376,Macro
armmakeup,Influencer,0,0,56703,1246,0.0,0.0,219385.0,129000.0,0,0,215,20,57949,348385.0,235,Macro
nongchat,Influencer,0,0,2150464,0,0.0,0.0,1024099.0,0.0,0,0,520,0,2150464,1024099.0,520,Mega
เอกพงษ์ จิงหะรานนท์ Lookpad_misazaki,Influencer,0,0,1057,2800,0.0,0.0,1973.0,61700.0,0,0,20,8,3857,63673.0,28,Micro
อาชิ อาชิตา ศิริภิญญานนท์,Influencer,0,51884,2790148,66732,0.0,89360.0,1309225.0,1280000.0,0,68,128,19,2908764,2678585.0,215,Mega
มอส ธนพร พลโกษฐ์,Influencer,0,0,242026,3552,0.0,0.0,178818.0,319000.0,0,0,83,3,245578,497818.0,86,Macro
บ้าคสอจนผัวไม่ทน(@ngamdemarco),Influencer,0,0,4712,0,0.0,0.0,31230.0,0.0,0,0,72,0,4712,31230.0,72,Micro
Pook Jongkol,Influencer,0,0,61332,0,0.0,0.0,45408.0,0.0,0,0,212,0,61332,45408.0,212,Micro
NampunMakeup,Influencer,0,0,7075,0,0.0,0.0,50900.0,0.0,0,0,91,0,7075,50900.0,91,Micro
manasaproyy,Influencer,0,0,1925647,0,0.0,0.0,592326.0,0.0,0,0,98,0,1925647,592326.0,98,Macro
zphez,Influencer,0,0,4276,0,0.0,0.0,4255.0,0.0,0,0,17,0,4276,4255.0,17,Nano
iiitoei,Influencer,0,91097,5796740,23513,0.0,42563.0,1695319.0,342000.0,0,21,146,7,5911350,2079882.0,174,Mega
แป้ง สุอารี ทรรศนกุลพันธ์,Influencer,0,163884,91435,557,0.0,39116.0,75650.0,111000.0,0,156,150,13,255876,225766.0,319,Macro
neayranchana,Influencer,0,0,31095,0,0.0,0.0,17006.0,0.0,0,0,47,0,31095,17006.0,47,Micro
Alie BlackCobra,Influencer,88082,16982,1336928,92645,153743.0,16308.0,350994.0,570000.0,26,45,60,12,1534637,1091045.0,143,Mega
PuPe_so_Sweet,Influencer,463374,18,18812,125,127104.0,731.0,34436.0,36900.0,595,1,85,2,482329,199171.0,683,Macro
Blacklist Secret,Influencer,341831,0,496926,50896,528071.0,0.0,47159.0,148000.0,427,0,124,26,889653,723230.0,577,Macro
พลอยชมพู วัชรเจริญพงษ์,Influencer,0,0,0,69555,0.0,0.0,0.0,1290000.0,0,0,0,22,69555,1290000.0,22,Mega
Pekky the angel,Influencer,0,0,3443,676,0.0,0.0,7109.0,61500.0,0,0,53,3,4119,68609.0,56,Micro
Pairyinwonderland,Influencer,7346,35,24920,696,34387.0,1391.0,43031.0,22700.0,98,2,107,6,32997,101509.0,213,Macro
ป้าพิม - PaPim,Influencer,0,0,15141,262,0.0,0.0,55210.0,111000.0,0,0,199,6,15403,166210.0,205,Macro
บลอสซั่ม ชนัญชิดา รุ่งเพชรรัตน์,Influencer,0,0,402545,155,0.0,0.0,277584.0,10900.0,0,0,109,2,402700,288484.0,111,Macro
Unfull ice,Influencer,0,0,156,398,0.0,0.0,2155.0,26500.0,0,0,4,7,554,28655.0,11,Micro
ป๊อบ ปิยนุช จิตตินันทน์,Influencer,0,500916,293454,23670,0.0,40317.0,227951.0,321000.0,0,387,110,19,818040,589268.0,516,Macro
Beauty By Orangina,Influencer,44304,5203,5102,1046,148842.0,1837.0,23997.0,27400.0,1063,447,207,19,55655,202076.0,1736,Macro
Babyjingko,Influencer,74888,0,1074515,98785,94616.0,0.0,188153.0,379000.0,256,0,130,20,1248188,661769.0,406,Macro
gynegene,Influencer,0,77573,139103,34341,0.0,13217.0,90856.0,81400.0,0,32,96,5,251017,185473.0,133,Macro
วาเลนไทน์ Vvalentines,Influencer,0,0,368644,10268,0.0,0.0,122593.0,133000.0,0,0,101,20,378912,255593.0,121,Macro
พยูนบูด,Food,0,361923,230,0,0.0,27277.0,2866.0,0.0,0,562,7,0,362153,30143.0,569,Micro
หญิงชรา กะ หมาน้อย,Food,1228739,0,0,0,175898.0,0.0,0.0,0.0,280,0,0,0,1228739,175898.0,280,Macro
janyonce,Food,0,0,133383,0,0.0,0.0,18168.0,0.0,0,0,266,0,133383,18168.0,266,Micro
Let's Eat Thailand กิน/เที่ยว/ที่เดียวครบ,Food,20325,0,71,19,88015.0,0.0,1430.0,6530.0,961,0,6,1,20415,95975.0,968,Macro
ไชโย โอป้า,Food,39120,0,0,0,142985.0,0.0,0.0,0.0,77,0,0,0,39120,142985.0,77,Macro
papeega Channel,Food,0,0,0,0,0.0,0.0,0.0,0.0,0,0,0,0,0,0.0,0,Nano
ITAN - แทนไร้เทียมทาน,Food,582,0,17238,0,16096.0,0.0,101772.0,0.0,3,0,21,0,17820,117868.0,24,Macro
I proong ไอ้ปรุง,Food,0,0,0,13529,0.0,0.0,0.0,46100.0,0,0,0,9,13529,46100.0,9,Micro
อ้วน,Food,3774379,0,0,0,1753215.0,0.0,0.0,0.0,3849,0,0,0,3774379,1753215.0,3849,Mega
laila chill chill,Food,0,0,0,0,0.0,0.0,0.0,0.0,0,0,0,0,0,0.0,0,Nano
ครัวมนุษย์ป้า คุณป้า ปอมปอม,Food,188366,0,0,9970,104621.0,0.0,0.0,141000.0,162,0,0,59,198336,245621.0,221,Macro
GZR Gozziira,Food,15830,0,0,111295,15684.0,0.0,0.0,772000.0,105,0,0,14,127125,787684.0,119,Macro
Marefood,Food,10389,0,246309,0,138633.0,0.0,90990.0,0.0,313,0,111,0,256698,229623.0,424,Macro
Wongnai Cooking,Food,5805505,0,0,0,2776641.0,0.0,0.0,0.0,2340,0,0,0,5805505,2776641.0,2340,Mega
PHOLFOODMAFIA,Food,0,0,4876,17773,0.0,0.0,0.0,439000.0,0,0,10,154,22649,439000.0,164,Macro
สร้างสรรค์เมนูไข่,Food,0,0,4547,0,0.0,0.0,19199.0,0.0,0,0,59,0,4547,19199.0,59,Micro
Maeban,Food,0,0,81434,0,0.0,0.0,156407.0,0.0,0,0,97,0,81434,156407.0,97,Macro
Apiinz Channel,Food,0,0,0,0,0.0,0.0,0.0,0.0,0,0,0,0,0,0.0,0,Nano
มนุษย์ต่างวัย,Food,695530,0,0,1338,192870.0,0.0,0.0,16900.0,76,0,0,29,696868,209770.0,105,Macro
OpenRice Thailand,Food,5021,0,0,0,832492.0,0.0,0.0,0.0,145,0,0,0,5021,832492.0,145,Macro
BORN TO BEER,Food,0,0,0,9616,0.0,0.0,0.0,82700.0,0,0,0,8,9616,82700.0,8,Micro
Cony Cry,Food,0,0,0,38334,0.0,0.0,0.0,147000.0,0,0,0,11,38334,147000.0,11,Macro
ศุภชัย เสมอมิตร โหน่งโชว์2,Food,0,0,0,286894,0.0,0.0,0.0,779000.0,0,0,0,162,286894,779000.0,162,Macro
สูงวัย,Food,3119,0,0,0,12254.0,0.0,0.0,0.0,69,0,0,0,3119,12254.0,69,Micro
หม่อมถนัดแดก,Food,6222230,0,0,873567,1209045.0,0.0,0.0,3160000.0,1092,0,0,32,7095797,4369045.0,1124,Mega
Jessiescape,Food,5271,0,0,0,21813.0,0.0,0.0,0.0,3,0,0,0,5271,21813.0,3,Macro
แดก,Food,1096874,0,0,0,1043570.0,0.0,0.0,0.0,1776,0,0,0,1096874,1043570.0,1776,Mega
Aumfooddiary,Food,192,0,77307,49,611.0,0.0,189835.0,544.0,289,0,130,32,77548,190990.0,451,Macro
กินได้อร่อยด้วย,Food,2414783,0,0,288405,303083.0,0.0,0.0,1510000.0,110,0,0,39,2703188,1813083.0,149,Mega
Icedessertdiary,Food,1252,0,397980,0,35595.0,0.0,239603.0,0.0,282,0,133,0,399232,275198.0,415,Macro
Ginyuudai - กินอยู่ได้,Food,0,0,564363,0,0.0,0.0,334594.0,0.0,0,0,162,0,564363,334594.0,162,Macro
หิวมั้ย,Food,37,0,0,0,1126.0,0.0,0.0,0.0,6,0,0,0,37,1126.0,6,Nano
The Charapaabs,Food,9,0,0,0,5864.0,0.0,0.0,0.0,1,0,0,0,9,5864.0,1,Nano
หนูนาสวีเดน แฟนเฟจ Noona Sweden,Food,0,0,0,15296,0.0,0.0,0.0,526000.0,0,0,0,77,15296,526000.0,77,Macro
ไทยสุรินทร์ กินแซบๆ,Food,0,0,0,44970,0.0,0.0,0.0,47900.0,0,0,0,54,44970,47900.0,54,Micro
Sweetlists,Food,245457,0,48917,0,148385.0,0.0,227291.0,0.0,190,0,49,0,294374,375676.0,239,Macro
ไปกินข้าว Paikinkao,Food,681,0,437,0,122329.0,0.0,496.0,0.0,183,0,36,0,1118,122825.0,219,Macro
Bim กินแหลกล้างโลก,Food,10859,0,17976,0,7199.0,0.0,4035.0,0.0,163,0,72,0,28835,11234.0,235,Micro
korean everyday - เกาหลีวันละนิดจิตแจ่มใส,Food,38190,0,379,0,54009.0,0.0,2026.0,0.0,158,0,13,0,38569,56035.0,171,Micro
Madame Tuang,Food,0,0,43901,0,0.0,0.0,22441.0,0.0,0,0,234,0,43901,22441.0,234,Micro
TomJoke Foodtv,Food,0,0,0,0,0.0,0.0,0.0,0.0,0,0,0,0,0,0.0,0,End-user
ทําเอง กินเอง Byแม่Milko_o,Food,0,0,0,143981,0.0,0.0,0.0,603000.0,0,0,0,29,143981,603000.0,29,Macro
Sunny Channel,Food,0,0,0,0,0.0,0.0,0.0,0.0,0,0,0,0,0,0.0,0,Micro
เพื่อนคนไทยวัยเกษียณ,Food,8,0,0,0,116.0,0.0,0.0,0.0,14,0,0,0,8,116.0,14,End-user
C A F E i S M,Food,0,0,0,0,0.0,0.0,0.0,0.0,0,0,0,0,0,0.0,0,Micro
อร่อยนัวร์ [Aroy N],Food,0,0,0,246077,0.0,0.0,0.0,179000.0,0,0,0,49,246077,179000.0,49,Macro
yingworldfood,Food,0,0,360390,0,0.0,0.0,297987.0,0.0,0,0,225,0,360390,297987.0,225,Macro
ตุ้ยลุยครัว,Food,0,0,38422,0,0.0,0.0,351672.0,0.0,0,0,15,0,38422,351672.0,15,Macro
Starving Time,Food,0,21695,324663,27915,0.0,71113.0,1490666.0,320000.0,0,156,198,20,374273,1881779.0,374,Mega
Ploy Style,Food,18,0,0,0,246.0,0.0,0.0,0.0,5,0,0,0,18,246.0,5,End-user
กินตามโปร,Food,108814,0,163,0,332398.0,0.0,1197.0,0.0,1107,0,2,0,108977,333595.0,1109,Macro
เชฟนุ่น So Sweet By ChefNuN,Food,0,0,1866,0,0.0,0.0,11022.0,0.0,0,0,15,0,1866,11022.0,15,Micro
Kia Zaab,Food,0,0,8349,145141,0.0,0.0,6352.0,434000.0,0,0,19,18,153490,440352.0,37,Macro
ครัวแล้วแต่เอ๋จ้าา,Food,534645,0,0,1195,1365574.0,0.0,0.0,104000.0,100,0,0,14,535840,1469574.0,114,Mega
ตี๋อ้วนชวนหิว,Food,76418,0,4302,7631,142104.0,0.0,8404.0,60100.0,641,0,75,47,88351,210608.0,763,Macro
Japaikin จะไปกิน,Food,13531,25095,81,0,77228.0,92286.0,1556.0,0.0,45,77,3,0,38707,171070.0,125,Macro
ชีวิตติดรีวิว,Food,6503197,0,227214,64529,3510106.0,0.0,532032.0,210000.0,1398,0,216,265,6794940,4252138.0,1879,Mega
Cafe Story : รีวิวคาเฟ่ ทุกวัน,Food,1322237,46643,123644,0,1055524.0,1373861.0,145187.0,0.0,4068,115,118,0,1492524,2574572.0,4301,Mega
ล้างตู้เย็น,Food,448261,0,0,0,1287608.0,0.0,0.0,0.0,212,0,0,0,448261,1287608.0,212,Mega
EAT Matters : by หมอตั้ม,Food,20087,0,0,0,82340.0,0.0,0.0,0.0,40,0,0,0,20087,82340.0,40,Macro
FOOD BLOG BKK,Food,183223,0,737089,0,546019.0,0.0,165040.0,0.0,539,0,243,0,920312,711059.0,782,Macro
น้าอ้วนชวนหิว by Wongnai,Food,1227372,17340,83405,0,523678.0,33104.0,140522.0,0.0,1676,266,216,0,1328117,697304.0,2158,Macro
KP ตะลอนแหลก,Food,739273,47776,3763,579,1281215.0,447.0,50801.0,1520.0,3232,113,93,4,791391,1333983.0,3442,Mega
KRUA.CO by sangdad,Food,117381,0,3427,17448,450603.0,0.0,19741.0,383000.0,650,0,18,45,138256,853344.0,713,Macro
mine สะใภ้ตุรกี,Food,0,0,0,2177,0.0,0.0,0.0,96300.0,0,0,0,21,2177,96300.0,21,Micro
กับข้าวกับปลาโอ Plaocooking,Food,17838239,0,259,375855,6061643.0,0.0,2619.0,1350000.0,184,0,1,63,18214353,7414262.0,248,Mega
Lullafoods,Food,2033,0,384,0,58108.0,0.0,2389.0,0.0,235,0,17,0,2417,60497.0,252,Micro
Eat Here,Food,704388,0,518141,0,653533.0,0.0,299603.0,0.0,4141,0,260,0,1222529,953136.0,4401,Macro
Eat Lek Lek,Food,6078,0,2366,0,18610.0,0.0,178615.0,0.0,174,0,4,0,8444,197225.0,178,Macro
พาทำ พาทาน,Food,1414178,0,0,291,2583076.0,0.0,0.0,3720.0,155,0,0,2,1414469,2586796.0,157,Mega
ST Cooking,Food,491557,0,0,0,1633368.0,0.0,0.0,0.0,457,0,0,0,491557,1633368.0,457,Mega
MyQuest,Food,0,0,0,169770,0.0,0.0,0.0,109000.0,0,0,0,14,169770,109000.0,14,Macro
ตายายสอนหลาน,Food,410178,0,0,1048,251586.0,0.0,0.0,2520.0,72,0,0,8,411226,254106.0,80,Macro
กินไปเหอะ,Food,848730,0,2901,0,226614.0,0.0,12031.0,0.0,903,0,20,0,851631,238645.0,923,Macro
KLANG KITCHEN,Food,0,0,0,761,0.0,0.0,0.0,1950.0,0,0,0,3,761,1950.0,3,Nano
Mawinfinferrr,Food,3129289,0,1671968,106911,920028.0,0.0,486809.0,353000.0,112,0,111,47,4908168,1759837.0,270,Mega
finfincooking,Food,0,0,457275,0,0.0,0.0,670787.0,0.0,0,0,65,0,457275,670787.0,65,Macro
MENUZAPZAP,Food,0,0,0,36,0.0,0.0,0.0,501.0,0,0,0,2,36,501.0,2,End-user
Sek Food&DIY Sek Food&DIY,Food,0,0,0,6722,0.0,0.0,0.0,144000.0,0,0,0,48,6722,144000.0,48,Macro
aimmafiaz,Food,0,0,514374,0,0.0,0.0,439927.0,0.0,0,0,179,0,514374,439927.0,179,Macro
Chef Gai Thanunya,Food,27987,0,0,0,115196.0,0.0,0.0,0.0,54,0,0,0,27987,115196.0,54,Macro
เข้าครัวกัน Chanel,Food,14522,0,0,0,727.0,0.0,0.0,0.0,11,0,0,0,14522,727.0,11,Nano
Chef Nan - เชฟน่าน,Food,22167,0,0,0,143115.0,0.0,0.0,0.0,61,0,0,0,22167,143115.0,61,Macro
PPgallery,Food,0,0,315660,0,0.0,0.0,473356.0,0.0,0,0,132,0,315660,473356.0,132,Macro
พรุ่งนี้ค่อยลด,Food,195543,0,395,641,57071.0,0.0,949.0,3140.0,1090,0,7,3,196579,61160.0,1100,Macro
Poiluang Cooking,Food,4424,0,0,0,6446.0,0.0,0.0,0.0,171,0,0,0,4424,6446.0,171,Nano
Eatoutbkk,Food,1953,0,53168,0,110177.0,0.0,426074.0,0.0,306,0,64,0,55121,536251.0,370,Macro
ศุภชัย เสมอมิตร โหน่งโชว์,Food,3479557,0,0,286894,1919031.0,0.0,0.0,779000.0,126,0,0,162,3766451,2698031.0,288,Mega
VIPS Station,Food,161370,0,0,97341,138115.0,0.0,0.0,929000.0,108,0,0,20,258711,1067115.0,128,Mega
Latdawan Channel,Food,46,0,0,2990,151.0,0.0,0.0,9360.0,42,0,0,28,3036,9511.0,70,Nano
SAN CE,Food,0,0,0,479717,0.0,0.0,0.0,255000.0,0,0,0,58,479717,255000.0,58,Macro
Pam Studio,Food,0,0,0,0,0.0,0.0,0.0,0.0,0,0,0,0,0,0.0,0,End-user
Eat Like 852 - ตะลุยกิน เที่ยวฮ่องกง โดยคนไทยในฮ่องกง,Food,322000,0,3381,0,194261.0,0.0,26327.0,0.0,520,0,10,0,325381,220588.0,530,Macro
Ms Happy Diet - The Healthy Foodie,Food,3483,0,17408,0,23273.0,0.0,49031.0,0.0,224,0,70,0,20891,72304.0,294,Micro
FoodTravelTVChannel,Food,0,0,0,1166,0.0,0.0,0.0,2250000.0,0,0,0,18,1166,2250000.0,18,Mega
Kinjubkinjib - กินจุ๊บกินจิ๊บ,Food,2740,25365,183809,0,17502.0,64330.0,121879.0,0.0,553,89,124,0,211914,203711.0,766,Macro
ถนัดชิม,Food,447773,0,48855,0,461492.0,0.0,74395.0,0.0,2313,0,74,0,496628,535887.0,2387,Macro
กินแก้มตุ่ย ตะลุยเที่ยว,Food,14885,0,83,676,540942.0,0.0,96567.0,3710.0,348,0,17,11,15644,641219.0,376,Macro
กินข้าวกัน,Food,1831536,0,136568,0,2949899.0,0.0,212628.0,0.0,134,0,84,0,1968104,3162527.0,218,Mega
Foodoclock Eat Around Theclock,Food,587,0,48751,0,98950.0,0.0,484221.0,0.0,138,0,62,0,49338,583171.0,200,Macro
ตัวคนเดียวก็เที่ยวได้,Travel,6111,0,0,0,125561.0,0.0,0.0,0.0,166,0,0,0,6111,125561.0,166,Macro
HappyNancy,Travel,174104,0,201441,103,217340.0,0.0,63289.0,2560.0,579,0,102,5,375648,283189.0,686,Macro
widsawaphatiew,Travel,0,0,61291,427,0.0,0.0,42562.0,370.0,0,0,46,5,61718,42932.0,51,Micro
เที่ยวเอง,Travel,119666,0,6426,0,379518.0,0.0,13490.0,0.0,494,0,41,0,126092,393008.0,535,Macro
TripTH ทริปไทยแลนด์,Travel,5573931,0,43687,2957,3561964.0,0.0,38865.0,949.0,5119,0,77,21,5620575,3601778.0,5217,Mega
Bestie Wanderer - คู่ซี้ตะลอนโลก,Travel,28825,0,0,2481,165921.0,0.0,0.0,18000.0,865,0,0,28,31306,183921.0,893,Macro
TELEPORT,Travel,4205,0,0,0,70007.0,0.0,0.0,0.0,275,0,0,0,4205,70007.0,275,Micro
เที่ยวเก่ง,Travel,3364,0,0,0,388944.0,0.0,0.0,0.0,152,0,0,0,3364,388944.0,152,Macro
เที่ยวทั่วไทย ไปไหนดี,Travel,272970,0,0,51,1147286.0,0.0,0.0,235.0,1447,0,0,4,273021,1147521.0,1451,Mega
Travel Planet Xperiences,Travel,336,0,0,0,36057.0,0.0,0.0,0.0,28,0,0,0,336,36057.0,28,Micro
แบกกล้องเที่ยว,Travel,397093,0,890,0,1699047.0,0.0,4080.0,0.0,859,0,5,0,397983,1703127.0,864,Mega
EDTguide,Travel,0,999,5097,291,0.0,641294.0,79332.0,11900.0,0,25,36,10,6387,732526.0,71,Macro
เที่ยวให้ยับ : Crazy Journeys,Travel,26667,0,0,3,103274.0,0.0,0.0,71.0,869,0,0,1,26670,103345.0,870,Macro
ไปเที่ยวกัน GoThaitogether,Travel,28752,0,63,3,815367.0,0.0,7247.0,120.0,342,0,7,3,28818,822734.0,352,Macro
โสดแล้วไปไหนก็ได้,Travel,54201,0,8708,0,261948.0,0.0,7992.0,0.0,202,0,73,0,62909,269940.0,275,Macro
คนหลงทาง,Travel,0,0,1012,0,0.0,0.0,19202.0,0.0,0,0,1,0,1012,19202.0,1,Micro
Coundsheck's journey.,Travel,13188,0,59566,0,128274.0,0.0,21157.0,0.0,220,0,44,0,72754,149431.0,264,Macro
merritze,Travel,0,0,1728,0,0.0,0.0,16132.0,0.0,0,0,6,0,1728,16132.0,6,Micro
ลุงหมอขอพักร้อน,Travel,276772,0,26176,0,264970.0,0.0,24655.0,0.0,395,0,54,0,302948,289625.0,449,Macro
Journey Dep,Travel,2150,0,0,0,51485.0,0.0,0.0,0.0,7,0,0,0,2150,51485.0,7,Micro
เที่ยวทั้งบ้าน,Travel,90754,0,175,413,352609.0,0.0,722.0,16700.0,61,0,4,7,91342,370031.0,72,Macro
โดดงานไป,Travel,62687,1,0,0,352902.0,108.0,0.0,0.0,692,1,0,0,62688,353010.0,693,Macro
Palapilii Thailand,Travel,41026,14,0,0,345560.0,377.0,0.0,0.0,443,9,0,0,41040,345937.0,452,Macro
ชอบเที่ยว,Travel,2998,0,0,0,93890.0,0.0,0.0,0.0,114,0,0,0,2998,93890.0,114,Micro
จ ะ เ ที่ ย ว ไ ป ไ ห น,Travel,397761,0,7790,0,1460392.0,0.0,43961.0,0.0,920,0,7,0,405551,1504353.0,927,Mega
ชิลดี,Travel,0,0,0,0,0.0,0.0,0.0,0.0,0,0,0,0,0,0.0,0,Macro
ค น ห ล ง ท า ง,Travel,228961,0,0,0,954744.0,0.0,0.0,0.0,661,0,0,0,228961,954744.0,661,Mega
theTripPacker,Travel,35095,0,453,0,1355682.0,0.0,52571.0,0.0,573,0,1,0,35548,1408253.0,574,Mega
กระเป๋าหนึ่งใบ,Travel,45399,0,4167,0,113698.0,0.0,4642.0,0.0,551,0,31,0,49566,118340.0,582,Macro
Megamaxx Journeyy,Travel,0,0,8603,0,0.0,0.0,10211.0,0.0,0,0,15,0,8603,10211.0,15,Micro
U me go แบบนี้ต้องไปจัด,Travel,206281,0,0,0,153130.0,0.0,0.0,0.0,359,0,0,0,206281,153130.0,359,Macro
สวัสดีคนแปลกหน้า,Travel,9658,0,98,0,103170.0,0.0,642.0,0.0,56,0,1,0,9756,103812.0,57,Macro
For a time ออกไปพัก,Travel,10885,0,16,0,58450.0,0.0,587.0,0.0,266,0,2,0,10901,59037.0,268,Micro
Journey เจอนี่,Travel,77324,0,2833,0,284683.0,0.0,6238.0,139.0,308,0,10,1,80157,291060.0,319,Macro
เที่ยววัวตายควายล้ม travelalotthailand.com,Travel,41306,0,3147,328,147840.0,0.0,2176.0,2500.0,1518,0,105,41,44781,152516.0,1664,Macro
โตแล้วไปไหนก็ได้,Travel,31873,0,287,0,212500.0,0.0,5150.0,0.0,885,0,9,0,32160,217650.0,894,Macro
หมอๆ ตะลุยโลก,Travel,21642,0,0,0,182600.0,0.0,0.0,0.0,109,0,0,0,21642,182600.0,109,Macro
บอลพาเที่ยว Backpacker Ball,Travel,229759,0,0,710,485159.0,0.0,0.0,16200.0,41,0,0,8,230469,501359.0,49,Macro
tak_taywin,Travel,0,0,11544,0,0.0,0.0,4685.0,0.0,0,0,36,0,11544,4685.0,36,Nano
ULN Channel,Travel,0,0,0,17185,0.0,0.0,0.0,51600.0,0,0,0,4,17185,51600.0,4,Macro
เที่ยวจนแม่ด่า,Travel,125114,0,0,0,451708.0,0.0,0.0,0.0,343,0,0,0,125114,451708.0,343,Macro
พาลูกเที่ยวดะ,Travel,66134,0,58,2,265006.0,0.0,1090.0,802.0,1046,0,11,1,66194,266898.0,1058,Macro
Ayla's day off,Travel,6892,0,0,55,87683.0,0.0,0.0,198.0,159,0,0,2,6947,87881.0,161,Micro
ไปไหนด้วยกัน,Travel,0,0,0,0,0.0,0.0,0.0,0.0,0,0,0,0,0,0.0,0,End-user
Neighbor,Travel,145,0,514,0,14100.0,0.0,1132.0,0.0,52,0,6,0,659,15232.0,58,Micro
Solo Journey,Travel,16754,0,11441,0,170958.0,0.0,9405.0,0.0,118,0,7,0,28195,180363.0,125,Macro
พลอยเรียนจบแล้วทำไรต่อ?,Travel,409066,0,0,96828,137018.0,0.0,0.0,282000.0,65,0,0,10,505894,419018.0,75,Macro
Sonia In Lost World,Travel,5405,0,0,0,111603.0,0.0,0.0,0.0,57,0,0,0,5405,111603.0,57,Macro
Primintheair,Travel,7567,0,1419,0,9875.0,0.0,27843.0,0.0,107,0,6,0,8986,37718.0,113,Micro
jajatanti,Travel,0,0,31069,0,0.0,0.0,96828.0,0.0,0,0,4,0,31069,96828.0,4,Micro
TravelKanuman / 2เท้าชาวท่องโลก,Travel,84001,0,1041,0,484817.0,0.0,16074.0,0.0,860,0,6,0,85042,500891.0,866,Macro
PaiNaiDii,Travel,194622,18767,0,0,542980.0,42077.0,0.0,0.0,2042,1233,0,0,213389,585057.0,3275,Macro
Maysa Traveller,Travel,50959,0,901,0,71314.0,0.0,1191.0,0.0,610,0,3,0,51860,72505.0,613,Micro
พากล้องเที่ยว,Travel,23564,0,0,0,221169.0,0.0,0.0,0.0,597,0,0,0,23564,221169.0,597,Macro
วิถีตากล้อง,Travel,354078,0,8031,0,671949.0,0.0,20841.0,0.0,333,0,4,0,362109,692790.0,337,Macro
ไม่กี่บาท,Travel,45213,0,0,5167,321029.0,0.0,0.0,45500.0,430,0,0,10,50380,366529.0,440,Macro
Somewhere Someone,Travel,83383,0,4944,0,190872.0,0.0,14237.0,0.0,723,0,30,0,88327,205109.0,753,Macro
katmatcha,Travel,0,46022,120898,0,0.0,8868.0,43469.0,0.0,0,183,31,0,166920,52337.0,214,Micro
"NoWhere, But Here",Travel,198,0,0,0,57856.0,0.0,0.0,0.0,54,0,0,0,198,57856.0,54,Micro
Trip and Teach - ไปตามน้ำ,Travel,96,0,449,0,47522.0,0.0,2219.0,0.0,19,0,8,0,545,49741.0,27,Micro
ผมม้าพาเที่ยว,Travel,177168,0,87220,0,272423.0,0.0,26318.0,0.0,696,0,118,0,264388,298741.0,814,Macro
6 August Journey,Travel,14499,0,1702,4,64057.0,0.0,785.0,79.0,341,0,37,2,16205,64921.0,380,Micro
รีวิวโคราช,Travel,41687,426,651,0,201581.0,20312.0,4909.0,0.0,363,9,7,0,42764,226802.0,379,Macro
ลาพักเที่ยว,Travel,386093,0,9378,996,912364.0,0.0,15567.0,1000.0,1233,0,13,14,396467,928931.0,1260,Mega
Gogetlost,Travel,56408,0,7465,993,155010.0,0.0,12886.0,7400.0,892,0,11,10,64866,175296.0,913,Macro
ไปไหนดี,Travel,182941,0,4284,0,489271.0,0.0,7874.0,0.0,793,0,56,0,187225,497145.0,849,Macro
Go Went Go : เที่ยว เว้น วัน,Travel,0,0,4221,40549,0.0,0.0,25754.0,268000.0,0,0,1,38,44770,293754.0,39,Macro
บันทึกนักหนีเที่ยว,Travel,18919,0,3456,0,132442.0,0.0,2523.0,0.0,679,0,91,0,22375,134965.0,770,Macro
Around Me,Travel,120056,0,0,0,266945.0,0.0,0.0,0.0,167,0,0,0,120056,266945.0,167,Macro
Travel With Katheryn,Travel,54179,0,0,0,280904.0,0.0,0.0,0.0,26,0,0,0,54179,280904.0,26,Macro
katheryn_lee,Travel,0,0,1555903,11775,0.0,0.0,774569.0,126000.0,0,0,224,9,1567678,900569.0,233,Macro
high on dream,Travel,0,79,7166,1,0.0,254.0,11722.0,601.0,0,34,22,1,7246,12577.0,57,Micro
Chill Journey :: เที่ยวอย่างชิว,Travel,69742,0,0,17,287695.0,0.0,0.0,462.0,379,0,0,3,69759,288157.0,382,Macro
เที่ยวแบบกรู,Travel,117807,0,0,0,522117.0,0.0,0.0,0.0,1116,0,0,0,117807,522117.0,1116,Macro
เที่ยวเล่น เน้นกิน,Travel,2529,0,0,0,30787.0,0.0,0.0,0.0,418,0,0,0,2529,30787.0,418,Micro
พาเธอไป Journey,Travel,239704,0,0,0,205220.0,0.0,0.0,0.0,1101,0,0,0,239704,205220.0,1101,Macro
สะพายกล้องท่องเที่ยว กับ มาเรีย ณ ไกลบ้าน,Travel,216601,0,0,0,457646.0,0.0,0.0,0.0,1754,0,0,0,216601,457646.0,1754,Macro
PYONG : Traveller X Doctor,Travel,21656,0,121570,0,79200.0,0.0,19286.0,0.0,267,0,124,0,143226,98486.0,391,Macro
ชิลไปไหน,Travel,0,6743,309426,91390,0.0,24009.0,226343.0,253000.0,0,239,443,97,407559,503352.0,779,Macro
Places two go,Travel,0,0,3191,0,0.0,0.0,2902.0,6.0,0,0,27,2,3191,2908.0,29,Nano
ไปเที่ยวกันมั๊ย by Penguint,Travel,0,6,10,0,0.0,37.0,14119.0,0.0,0,10,2,0,16,14156.0,12,Micro
BackPack Thai 21,Travel,7972,0,0,0,76569.0,0.0,0.0,0.0,109,0,0,0,7972,76569.0,109,Micro
Duet Diary ตามรอยเที่ยว,Travel,2651,0,39,87,49667.0,0.0,558.0,11200.0,75,0,1,2,2777,61425.0,78,Micro
อยากไปเที่ยว,Travel,22600,0,0,0,211047.0,0.0,0.0,0.0,98,0,0,0,22600,211047.0,98,Macro
ไปคนเดียว+,Travel,457455,0,12082,24,1109949.0,0.0,28059.0,304.0,1323,0,15,3,469561,1138312.0,1341,Mega
พาเที่ยวแบบง่ายๆ by mukura,Travel,7278,0,0,0,201822.0,0.0,0.0,0.0,6,0,0,0,7278,201822.0,6,Macro
Walker Talker : เดินทางเล่าเรื่อง,Travel,66189,0,338,17,372107.0,0.0,3245.0,292.0,900,0,3,1,66544,375644.0,904,Macro
totay168,Travel,0,0,266411,0,0.0,0.0,101335.0,0.0,0,0,81,0,266411,101335.0,81,Macro
ReviewPapai - รีวิวพาไป,Travel,22272,0,49,0,410472.0,0.0,149.0,0.0,384,0,6,0,22321,410621.0,390,Macro
ไปค่ะไป,Travel,38587,0,0,0,103571.0,0.0,0.0,0.0,163,0,0,0,38587,103571.0,163,Macro
Go!Graph,Travel,71232,0,5682,0,250043.0,0.0,8881.0,0.0,977,0,69,0,76914,258924.0,1046,Macro
RattoWanderlust เที่ยวไปทั่วโลก รีวิวเที่ยวไต้หวัน,Travel,8574,5,3158,0,80552.0,251.0,2839.0,0.0,172,8,24,0,11737,83642.0,204,Micro
Chill With Me,Travel,34672,0,1608,0,181092.0,0.0,3326.0,0.0,569,0,11,0,36280,184418.0,580,Macro
Couple Travel พาแฟนไปไหนดี,Travel,144179,0,2804,0,341379.0,0.0,7035.0,0.0,893,0,9,0,146983,348414.0,902,Macro
Travel Together / คนเดินทาง,Travel,9514,0,0,0,74831.0,0.0,0.0,0.0,122,0,0,0,9514,74831.0,122,Micro
มา กับ หมอ :: Come with me Free doctor,Travel,20,0,722,0,15043.0,0.0,876.0,0.0,1,0,9,0,742,15919.0,10,Micro
A Traveler Blog,Travel,12206,0,0,0,219744.0,0.0,0.0,0.0,22,0,0,0,12206,219744.0,22,Macro
Minimint's Mission,Travel,142137,0,15251,0,177296.0,0.0,21142.0,0.0,375,0,22,0,157388,198438.0,397,Macro
Hitchhiker Thailand / เที่ยวจนเสียสติ,Travel,283,0,0,0,55875.0,0.0,0.0,0.0,41,0,0,0,283,55875.0,41,Micro
Wongnai Travel,Travel,1155054,0,0,0,643186.0,0.0,0.0,0.0,1629,0,0,0,1155054,643186.0,1629,Macro
"Retrostation สถานีสำหรับ ""คนรักเกมส์เก่า""",Gamer,97863,0,0,0,154122.0,0.0,0.0,0.0,331,0,0,0,97863,154122.0,331,Macro
Cyberclasher,Gamer,535930,0,0,0,86363.0,0.0,0.0,0.0,539,0,0,0,535930,86363.0,539,Macro
Bon Gamerz,Gamer,0,0,0,858028,0.0,0.0,0.0,2390000.0,0,0,0,81,858028,2390000.0,81,Mega
FPSThailand.com,Gamer,279301,0,0,48004,218142.0,0.0,0.0,701000.0,629,0,0,128,327305,919142.0,757,Macro
Fiat,Gamer,0,0,0,0,0.0,0.0,0.0,0.0,0,0,0,0,0,0.0,0,Macro
Just4Game,Gamer,0,0,0,49355,0.0,0.0,0.0,139000.0,0,0,0,76,49355,139000.0,76,Macro
XyCloneZ,Gamer,0,0,0,382406,0.0,0.0,0.0,1110000.0,0,0,0,73,382406,1110000.0,73,Mega
Main Stand Gaming,Gamer,0,0,0,0,0.0,0.0,0.0,0.0,0,0,0,0,0,0.0,0,Nano
MTR Mysterios,Gamer,0,0,0,237498,0.0,0.0,0.0,1380000.0,0,0,0,22,237498,1380000.0,22,Mega
Uke-Uke,Gamer,459,0,0,162788,23894.0,0.0,0.0,818000.0,8,0,0,90,163247,841894.0,98,Macro
OHVER,Gamer,0,0,0,0,0.0,0.0,0.0,0.0,0,0,0,0,0,0.0,0,Mega
Thisisgame PConsole,Gamer,236,0,0,0,13897.0,0.0,0.0,0.0,154,0,0,0,236,13897.0,154,Micro
PlayUlti.com - คนเล่นเกมนอก,Gamer,97147,0,0,0,269517.0,0.0,0.0,0.0,887,0,0,0,97147,269517.0,887,Macro
N Join Play,Gamer,139205,0,0,43939,47182.0,0.0,0.0,388000.0,169,0,0,30,183144,435182.0,199,Macro
สารบัญ Gaming MODE,Gamer,1850,0,0,0,9215.0,0.0,0.0,0.0,7,0,0,0,1850,9215.0,7,Nano
ManagerGame,Gamer,1245,0,0,0,19372.0,0.0,0.0,0.0,327,0,0,0,1245,19372.0,327,Micro
Rush,Gamer,0,0,0,43683,0.0,0.0,0.0,173000.0,0,0,0,86,43683,173000.0,86,Macro
Signature Gaming,Gamer,5548,0,0,0,52191.0,0.0,0.0,0.0,79,0,0,0,5548,52191.0,79,Micro
Bankgarmo,Gamer,0,0,0,229965,0.0,0.0,0.0,1180000.0,0,0,0,138,229965,1180000.0,138,Mega
Deklaaon Channel,Gamer,73565,0,0,959899,65091.0,0.0,0.0,2630000.0,45,0,0,73,1033464,2695091.0,118,Mega
TDKeane,Gamer,251927,0,0,14332,64805.0,0.0,0.0,30800.0,241,0,0,15,266259,95605.0,256,Macro
Evos TH,Gamer,0,0,0,52514,0.0,0.0,0.0,269000.0,0,0,0,21,52514,269000.0,21,Macro
KK Honcool,Gamer,0,0,0,232389,0.0,0.0,0.0,1040000.0,0,0,0,76,232389,1040000.0,76,Mega
N.N.B CLUB,Gamer,0,0,0,48163,0.0,0.0,0.0,908000.0,0,0,0,16,48163,908000.0,16,Macro
PojzPlaza,Gamer,25268,0,0,3790158,235545.0,0.0,0.0,5870000.0,12,0,0,55,3815426,6105545.0,67,Mega
NutPintoChannel,Gamer,0,0,32041,192458,0.0,0.0,5991.0,930000.0,0,0,69,100,224499,935991.0,169,Macro
GameMonday,Gamer,9284,0,0,0,84853.0,0.0,0.0,0.0,149,0,0,0,9284,84853.0,149,Micro
MR.Kyoro Danger,Gamer,0,0,0,136265,0.0,0.0,0.0,823000.0,0,0,0,21,136265,823000.0,21,Mega
WakeUp Ruj,Gamer,0,0,0,252608,0.0,0.0,0.0,704000.0,0,0,0,49,252608,704000.0,49,Macro
Newzkung Raccoonza,Gamer,0,0,0,73885,0.0,0.0,0.0,745000.0,0,0,0,144,73885,745000.0,144,Macro
dmt_tv,Gamer,0,0,0,21,0.0,0.0,0.0,7520.0,0,0,0,1,21,7520.0,1,Nano
Grean Gamer,Gamer,0,0,0,2759,0.0,0.0,0.0,167000.0,0,0,0,41,2759,167000.0,41,Macro
YIM CH,Gamer,0,0,0,196835,0.0,0.0,0.0,338000.0,0,0,0,46,196835,338000.0,46,Macro
12TimeWeCCG,Gamer,0,0,0,263769,0.0,0.0,0.0,1180000.0,0,0,0,63,263769,1180000.0,63,Mega
PlearnGaming,Gamer,360,0,0,6239,7809.0,0.0,0.0,178000.0,25,0,0,22,6599,185809.0,47,Macro
Bangkok Esports,Gamer,0,0,0,0,0.0,0.0,0.0,0.0,0,0,0,0,0,0.0,0,Macro
TAEJK,Gamer,0,0,7325,41655,0.0,0.0,12388.0,653000.0,0,0,16,84,48980,665388.0,100,Macro
Thanks For Watching,Gamer,0,0,0,1346627,0.0,0.0,0.0,1980000.0,0,0,0,171,1346627,1980000.0,171,Mega
FZK Frozenkiss,Gamer,788829,0,0,0,159403.0,0.0,0.0,0.0,138,0,0,0,788829,159403.0,138,Macro
Online station,Gamer,0,0,0,124137,0.0,0.0,0.0,680000.0,0,0,0,111,124137,680000.0,111,Macro
HYPE NEXG,Gamer,0,0,0,0,0.0,0.0,0.0,0.0,0,0,0,0,0,0.0,0,Nano
cCraftedStudio,Gamer,0,0,0,131151,0.0,0.0,0.0,1010000.0,0,0,0,12,131151,1010000.0,12,Mega
B Dokebi,Gamer,0,0,0,3599,0.0,0.0,0.0,18100.0,0,0,0,5,3599,18100.0,5,Micro
Peachy Gang,Gamer,0,0,0,0,0.0,0.0,0.0,0.0,0,0,0,0,0,0.0,0,Micro
เกมมือถือต้องเล่น - Mustplay.in.th,Gamer,0,0,0,0,0.0,0.0,0.0,0.0,0,0,0,0,0,0.0,0,Macro
essAyseeK TV,Gamer,0,0,0,5737,0.0,0.0,0.0,514000.0,0,0,0,53,5737,514000.0,53,Macro
Mckenz1e,Gamer,4968,0,0,0,3255.0,0.0,0.0,0.0,27,0,0,0,4968,3255.0,27,Micro
Bacon Time,Gamer,332272,0,0,17132,310065.0,0.0,0.0,640000.0,116,0,0,10,349404,950065.0,126,Macro
ChinNaMo,Gamer,0,0,0,8572,0.0,0.0,0.0,143000.0,0,0,0,26,8572,143000.0,26,Macro
Ya Taliban,Gamer,0,0,0,0,0.0,0.0,0.0,0.0,0,0,0,0,0,0.0,0,Mega
LightKira Channel,Gamer,0,0,0,226638,0.0,0.0,0.0,345000.0,0,0,0,33,226638,345000.0,33,Macro
oPuTo,Gamer,0,355,0,67,0.0,3213.0,0.0,14100.0,0,9,0,12,422,17313.0,21,Micro
wasuezqelusia,Gamer,0,0,8397,0,0.0,0.0,25731.0,0.0,0,0,1,0,8397,25731.0,1,Micro
Moowan,Gamer,51950,0,0,4714,37431.0,0.0,0.0,104000.0,48,0,0,4,56664,141431.0,52,Macro
SuperGirl Channel,Gamer,0,0,0,821,0.0,0.0,0.0,225000.0,0,0,0,1,821,225000.0,1,Macro
RAP'TUM GAMERChannel,Gamer,0,0,0,65159,0.0,0.0,0.0,518000.0,0,0,0,47,65159,518000.0,47,Macro
Attacle,Gamer,0,0,1682,0,0.0,25.0,5878.0,0.0,0,8,11,0,1682,5903.0,19,Nano
Windmillz,Gamer,0,0,0,0,0.0,0.0,0.0,0.0,0,0,0,0,0,0.0,0,Micro
EndlessChannel TH,Gamer,114,0,0,0,488.0,0.0,0.0,0.0,8,0,0,0,114,488.0,8,Micro
LOOPER CG,Gamer,0,0,0,88286,0.0,0.0,0.0,0.0,0,0,0,1,88286,0.0,1,Macro
Bay Riffer,Gamer,405828,0,0,681455,214746.0,0.0,0.0,3270000.0,97,0,0,81,1087283,3484746.0,178,Mega
Bossense,Gamer,32903,0,182,0,12837.0,0.0,1772.0,0.0,113,0,1,0,33085,14609.0,114,Micro
THE AUN GAME,Gamer,0,0,0,330982,0.0,0.0,0.0,504000.0,0,0,0,88,330982,504000.0,88,Macro
MiTH,Gamer,451213,0,0,0,272228.0,0.0,0.0,0.0,158,0,0,0,451213,272228.0,158,Macro
HuaHed,Gamer,174361,0,0,2621,35933.0,0.0,0.0,108000.0,88,0,0,5,176982,143933.0,93,Macro
Talon Esports TH,Gamer,115849,0,0,442,23958.0,0.0,0.0,2640.0,132,0,0,7,116291,26598.0,139,Micro
Koonguy CH,Gamer,0,0,0,746,0.0,0.0,0.0,656000.0,0,0,0,40,746,656000.0,40,Macro
WopLastNighTV,Gamer,0,0,45,1108,0.0,0.0,1169.0,157000.0,0,0,2,59,1153,158169.0,61,Macro
MyArena,Gamer,108,0,0,0,64006.0,0.0,0.0,0.0,2,0,0,0,108,64006.0,2,Micro
N NEXT CH,Gamer,0,0,0,981288,0.0,0.0,0.0,1430000.0,0,0,0,59,981288,1430000.0,59,Mega
NutTH Channel,Gamer,0,0,0,0,0.0,0.0,0.0,0.0,0,0,0,0,0,0.0,0,Macro
FiawKunG Channel,Gamer,0,0,0,62871,0.0,0.0,0.0,493000.0,0,0,0,15,62871,493000.0,15,Macro
SoraMix,Gamer,0,0,0,0,0.0,0.0,0.0,0.0,0,0,0,0,0,0.0,0,Micro
GAMERGUY,Gamer,0,0,0,0,0.0,0.0,0.0,0.0,0,0,0,0,0,0.0,0,Micro
BlaSTzFun Ch,Gamer,0,0,0,2327,0.0,0.0,0.0,182000.0,0,0,0,83,2327,182000.0,83,Macro
Neotica,Gamer,55580,0,0,11949,34432.0,0.0,0.0,49900.0,55,0,0,11,67529,84332.0,66,Micro
GenGaGame - เก่งกะเกม,Gamer,0,0,0,0,0.0,0.0,0.0,0.0,0,0,0,0,0,0.0,0,Nano
Green Ezqelusia,Gamer,0,0,0,38624,0.0,0.0,0.0,792000.0,0,0,0,60,38624,792000.0,60,Macro
MEGAXGAME,Gamer,2563,0,0,0,8648.0,0.0,0.0,0.0,129,0,0,0,2563,8648.0,129,Nano
MOV Studio,Gamer,0,0,0,0,0.0,0.0,0.0,0.0,0,0,0,0,0,0.0,0,Macro
Yamatum O,Gamer,0,0,0,293847,0.0,0.0,0.0,1760000.0,0,0,0,36,293847,1760000.0,36,Mega
PlayStation Thailand Nation,Gamer,71893,0,0,0,62964.0,0.0,0.0,0.0,297,0,0,0,71893,62964.0,297,Micro
Summer is Here,Gamer,0,0,0,0,0.0,0.0,0.0,0.0,0,0,0,0,0,0.0,0,Micro
Pinkguschu,Gamer,370856,0,2106,0,46920.0,0.0,15777.0,0.0,177,0,1,0,372962,62697.0,178,Micro
Gamerism,Gamer,3436,0,0,0,5951.0,0.0,0.0,0.0,105,0,0,0,3436,5951.0,105,Nano
Yoyoyo Channel,Gamer,481,0,0,194476,873.0,0.0,0.0,343000.0,42,0,0,69,194957,343873.0,111,Macro
MAOKUMA,Gamer,0,0,0,196232,0.0,0.0,0.0,422000.0,0,0,0,73,196232,422000.0,73,Macro
Gaming Room,Gamer,530,0,0,0,81725.0,0.0,0.0,0.0,14,0,0,0,530,81725.0,14,Micro
Coolerist,Gamer,4356,25,0,1015,3059.0,409.0,0.0,48000.0,53,7,0,4,5396,51468.0,64,Micro
SkizzTV,Gamer,0,0,0,1968029,0.0,0.0,0.0,5110000.0,0,0,0,61,1968029,5110000.0,61,Mega
Edwin,Gamer,777251,0,0,109068,88156.0,0.0,0.0,216000.0,321,0,0,33,886319,304156.0,354,Macro
เกมเมอร์อมตีน,Gamer,2540404,0,0,0,405579.0,0.0,0.0,0.0,710,0,0,0,2540404,405579.0,710,Macro
MheeGamer,Gamer,166,0,0,67519,1791.0,0.0,0.0,251000.0,5,0,0,20,67685,252791.0,25,Macro
AOV World,Gamer,0,0,0,0,0.0,0.0,0.0,0.0,0,0,0,0,0,0.0,0,Micro
Slapper,Gamer,0,0,0,411201,0.0,0.0,0.0,1270000.0,0,0,0,73,411201,1270000.0,73,Mega
NONTAKAN N.S.,Gamer,0,0,0,553517,0.0,0.0,0.0,1770000.0,0,0,0,37,553517,1770000.0,37,Mega
กาย หงิด,Gamer,0,0,119640,1904023,0.0,0.0,70397.0,3180000.0,0,0,5,56,2023663,3250397.0,61,Mega
Playpost,Gamer,9939,0,0,0,13591.0,0.0,0.0,0.0,352,0,0,0,9939,13591.0,352,Micro
Seeding FIFA,Gamer,0,0,0,13127,0.0,0.0,0.0,423000.0,0,0,0,21,13127,423000.0,21,Macro
VVFwave Kung,Gamer,0,0,0,472756,0.0,0.0,0.0,2040000.0,0,0,0,107,472756,2040000.0,107,Mega
พ่อสอนลูกลงทุน,Investing,34776,0,0,0,136007.0,0.0,0.0,0.0,9,0,0,0,34776,136007.0,9,Macro
MudleyGroup,Investing,22924,0,0,10,32582.0,0.0,0.0,14600.0,49,0,0,11,22934,47182.0,60,Micro
THE MONEY COACH,Investing,0,17360,0,7792,0.0,18594.0,0.0,218000.0,0,105,0,49,25152,236594.0,154,Macro
เซเลบหุ้น : Bud Fox,Investing,851,0,0,0,7487.0,0.0,0.0,0.0,65,0,0,0,851,7487.0,65,Nano
Bcare Fanclub,Investing,643,0,0,0,6837.0,0.0,0.0,0.0,17,0,0,0,643,6837.0,17,Nano
หุ้นขั้นเทพ,Investing,0,0,0,0,0.0,0.0,0.0,0.0,0,0,0,0,0,0.0,0,Micro
CrisisMan,Investing,5516,0,0,0,12514.0,0.0,0.0,0.0,67,0,0,0,5516,12514.0,67,Micro
KwinKon การเงิน,Investing,0,0,0,0,0.0,0.0,0.0,0.0,0,0,0,0,0,0.0,0,End-user
Thaifundstoday,Investing,0,0,0,0,0.0,0.0,0.0,0.0,0,0,0,0,0,0.0,0,Micro
ความลับของเงิน,Investing,8768,0,0,0,36084.0,0.0,0.0,0.0,27,0,0,0,8768,36084.0,27,Micro
TFEX Traders,Investing,0,0,0,0,0.0,0.0,0.0,0.0,0,0,0,0,0,0.0,0,Nano
Money Talk,Investing,25282,0,0,0,142483.0,0.0,0.0,0.0,127,0,0,0,25282,142483.0,127,Macro
Stock JourNoey,Investing,45659,0,0,0,257209.0,0.0,0.0,0.0,273,0,0,0,45659,257209.0,273,Macro
เกิดมาใช้ตัง,Investing,73009,0,0,0,334684.0,0.0,0.0,0.0,112,0,0,0,73009,334684.0,112,Macro
สอนเล่นหุ้น ออนไลน์ ฟรี เรียนหุ้น VDO เก็งกำไร กราฟเทคนิคหุ้นบน Youtube,Investing,0,0,0,12930,0.0,0.0,0.0,36600.0,0,0,0,14,12930,36600.0,14,Micro
Kittitat Wasati,Investing,0,0,0,5868,0.0,0.0,0.0,77700.0,0,0,0,17,5868,77700.0,17,Micro
Peakky Money - เด็กการเงิน,Investing,900,0,0,0,521.0,0.0,0.0,0.0,73,0,0,0,900,521.0,73,End-user
Sinthorn,Investing,96865,2342,323,0,191893.0,321571.0,1929.0,0.0,117,105,13,0,99530,515393.0,235,Macro
มนุษย์เงินเดือนพันธุ์ใหม่,Investing,828150,0,0,921,679884.0,0.0,0.0,5370.0,329,0,0,55,829071,685254.0,384,Macro
stock2morrow,Investing,150242,0,0,0,245372.0,0.0,0.0,0.0,396,0,0,0,150242,245372.0,396,Macro
ลงทุนแมน,Investing,4831564,0,1518487,1334,1189135.0,0.0,295709.0,14600.0,674,0,334,18,6351385,1499444.0,1026,Mega
สแกนหุ้น,Investing,500038,0,0,0,130073.0,0.0,0.0,0.0,1341,0,0,0,500038,130073.0,1341,Macro
NEETTO V.2,Investing,0,0,0,14453,0.0,0.0,0.0,109000.0,0,0,0,16,14453,109000.0,16,Macro
หุ้นสมาร์ท - HoonSmart : เสนอความจริง ทุกการลงทุน,Investing,53981,0,0,0,23606.0,0.0,0.0,0.0,1231,0,0,0,53981,23606.0,1231,Micro
การเงินธนาคาร,Investing,107719,0,0,11,198909.0,0.0,0.0,378.0,1390,0,0,7,107730,199287.0,1397,Macro
Narikaa money,Investing,0,0,0,15116,0.0,0.0,0.0,22100.0,0,0,0,90,15116,22100.0,90,Micro
TaxBugnoms,Investing,404471,0,0,12117,463802.0,0.0,0.0,31600.0,472,0,0,45,416588,495402.0,517,Macro
Beer Vanon,Investing,65035,0,0,0,32077.0,0.0,0.0,0.0,100,0,0,0,65035,32077.0,100,Micro
เทรดเดอร์ ซุนกวน signal,Investing,20954,0,0,0,9085.0,0.0,0.0,0.0,87,0,0,0,20954,9085.0,87,Nano
The Money Gym เทรนการเงินของคุณให้แข็งแรง,Investing,226,0,0,0,2739.0,0.0,0.0,0.0,19,0,0,0,226,2739.0,19,Nano
Trading Battle,Investing,6742,0,0,0,4875.0,0.0,0.0,0.0,33,0,0,0,6742,4875.0,33,Nano
Hook Money,Investing,2,0,0,0,826.0,0.0,0.0,0.0,28,0,0,0,2,826.0,28,End-user
หมีน้อยนักลงทุน,Investing,6,0,0,0,33863.0,0.0,0.0,0.0,3,0,0,0,6,33863.0,3,Micro
Moomint survivortrade,Investing,7089,0,0,0,2810.0,0.0,0.0,0.0,579,0,0,0,7089,2810.0,579,Nano
หมอส่องกล้อง,Investing,18930,0,0,0,31435.0,0.0,0.0,0.0,58,0,0,0,18930,31435.0,58,Micro
Forex Risk Way,Investing,17651,0,0,0,64000.0,0.0,0.0,0.0,170,0,0,0,17651,64000.0,170,Micro
เล่าเรื่องหุ้น by อ.โอ๊ค,Investing,27245,0,0,0,62922.0,0.0,0.0,0.0,39,0,0,0,27245,62922.0,39,Micro
วางแผนการเงินกับภูเขา Poohkao Financial Club,Investing,1602,0,0,137,2786.0,0.0,0.0,653.0,99,0,0,7,1739,3439.0,106,Nano
รู้จริงเศรษฐกิจไทย,Investing,5398,0,0,415,85685.0,0.0,0.0,19900.0,9,0,0,4,5813,105585.0,13,Macro
Digital Advisors นักวางแผนการเงินดิจิทัล,Investing,0,0,0,0,0.0,0.0,0.0,0.0,0,0,0,0,0,0.0,0,Nano
กิติชัย เตชะงามเลิศ,Investing,0,2494,0,0,0.0,10027.0,0.0,0.0,0,126,0,0,2494,10027.0,126,Micro
รวยด้วย Forex,Investing,15954,0,0,0,13949.0,0.0,0.0,0.0,205,0,0,0,15954,13949.0,205,Micro
เล่นหุ้นกับบัง,Investing,0,0,0,0,0.0,0.0,0.0,0.0,0,0,0,0,0,0.0,0,Nano
BPs Trading Diary,Investing,14,0,0,0,1057.0,0.0,0.0,0.0,1,0,0,0,14,1057.0,1,Nano
Pichai Chawla,Investing,11081,0,0,0,58137.0,0.0,0.0,0.0,9,0,0,0,11081,58137.0,9,Micro
"GraphTechnic by อ.กบ ธนกร คุ้มรำไพ CMT,CFTe",Investing,3579,0,0,0,51115.0,0.0,0.0,0.0,145,0,0,0,3579,51115.0,145,Micro
โค้ชพี่ป๊อบ,Investing,23005,0,0,0,32178.0,0.0,0.0,0.0,100,0,0,0,23005,32178.0,100,Micro
Stockdirection,Investing,6458,0,0,0,11386.0,0.0,0.0,0.0,398,0,0,0,6458,11386.0,398,Micro
Zyo Books,Investing,3358,0,0,0,8798.0,0.0,0.0,0.0,84,0,0,0,3358,8798.0,84,Micro
เม่ากลับใจ,Investing,24519,0,0,0,13941.0,0.0,0.0,0.0,844,0,0,0,24519,13941.0,844,Micro
เซียนประกัน Insurance Evangelist,Investing,537,0,0,0,24303.0,0.0,0.0,0.0,8,0,0,0,537,24303.0,8,Micro
Stock Rookie,Investing,7337,0,0,0,8562.0,0.0,0.0,0.0,45,0,0,0,7337,8562.0,45,Nano
Trading Psychology จิตวิทยาการลงทุน,Investing,10220,0,0,0,8448.0,0.0,0.0,0.0,19,0,0,0,10220,8448.0,19,Nano
งงหุ้น,Investing,3552,0,0,0,111817.0,0.0,0.0,0.0,33,0,0,0,3552,111817.0,33,Macro
พ่อบ้าน นักลงทุน ที่ปรึกษาการลงทุนหุ้น เเละ Single license,Investing,5956,0,0,2,119068.0,0.0,0.0,289.0,551,0,0,2,5958,119357.0,553,Macro
การลงทุนของมนุษย์เงินเดือน,Investing,1996,0,0,0,8192.0,0.0,0.0,0.0,144,0,0,0,1996,8192.0,144,Nano
The Bottom UP,Investing,10868,0,0,0,5119.0,0.0,0.0,0.0,106,0,0,0,10868,5119.0,106,Nano
ม้าเฉียว ดูหุ้น The Future,Investing,672874,0,0,0,195513.0,0.0,0.0,0.0,1562,0,0,0,672874,195513.0,1562,Macro
หุ้น The Big Short,Investing,55,0,0,0,13420.0,0.0,0.0,0.0,1,0,0,0,55,13420.0,1,Micro
MacroView,Investing,17959,0,0,0,13326.0,0.0,0.0,0.0,196,0,0,0,17959,13326.0,196,Micro
หุ้นปั่น (Hoonpunn),Investing,3138,0,0,0,132544.0,0.0,0.0,0.0,1604,0,0,0,3138,132544.0,1604,Macro
หุ้นเบรค บอกด้วย,Investing,0,0,0,0,0.0,0.0,0.0,0.0,0,0,0,0,0,0.0,0,Nano
ทวีสุข ธรรมศักดิ์,Investing,255979,0,0,0,45759.0,0.0,0.0,0.0,341,0,0,0,255979,45759.0,341,Micro
คลินิกกองทุน,Investing,43728,0,0,0,158963.0,0.0,0.0,0.0,58,0,0,0,43728,158963.0,58,Macro
Poh Trader's Way โลกในมุมมองของนักเก็งกำไร,Investing,24624,0,0,0,39071.0,0.0,0.0,0.0,44,0,0,0,24624,39071.0,44,Micro
มานี่ มีตังค์,Investing,7,0,0,0,5931.0,0.0,0.0,0.0,2,0,0,0,7,5931.0,2,Nano
เกษียณสบายสุข,Investing,7673,0,0,0,11191.0,0.0,0.0,0.0,195,0,0,0,7673,11191.0,195,Micro
ปลูกหุ้นกินผล,Investing,47,0,0,0,9914.0,0.0,0.0,0.0,8,0,0,0,47,9914.0,8,Nano
Wealthy Thai,Investing,89930,0,0,118,58221.0,0.0,0.0,458.0,491,0,0,20,90048,58679.0,511,Macro
ไข่นุ้ย Daytrade สร้างรายได้วันละพัน,Investing,0,0,0,0,0.0,0.0,0.0,0.0,0,0,0,0,0,0.0,0,Nano
Momentum investor,Investing,210,0,0,1491,10018.0,0.0,0.0,8550.0,8,0,0,10,1701,18568.0,18,Micro
ลงทุน.life,Investing,0,0,0,0,0.0,0.0,0.0,0.0,0,0,0,0,0,0.0,0,Micro
Buffettcode,Investing,23965,0,0,0,144545.0,0.0,0.0,0.0,103,0,0,0,23965,144545.0,103,Macro
กาแฟหุ้น,Investing,5042,0,0,0,5056.0,0.0,0.0,0.0,136,0,0,0,5042,5056.0,136,Nano
WealthMagik - ลงทุนง่ายๆ แค่ปลายนิ้ว,Investing,11750,44,151,84,106058.0,2300.0,520.0,4040.0,87,26,23,10,12029,112918.0,146,Macro
วีรวัฒน์ วีรวรรณ Tah Werawat,Investing,0,0,0,0,0.0,0.0,0.0,0.0,0,0,0,0,0,0.0,0,Micro
DaddyTrader,Investing,180,0,0,0,21355.0,0.0,0.0,0.0,6,0,0,0,180,21355.0,6,Micro
ไดอารี่การเงิน - Money Diaries,Investing,8506,0,2,6855,16791.0,0.0,437.0,45300.0,205,0,1,35,15363,62528.0,241,Micro
Fin in Blog,Investing,2055,0,0,0,3006.0,0.0,0.0,0.0,87,0,0,0,2055,3006.0,87,Nano
เม่าโต้คลื่น,Investing,1900,0,0,0,18109.0,0.0,0.0,0.0,107,0,0,0,1900,18109.0,107,Micro
จิตวิทยาและแนวคิดเกี่ยวกับการลงทุน,Investing,14225,0,0,0,58095.0,0.0,0.0,0.0,87,0,0,0,14225,58095.0,87,Micro
กองทุนไหนดี?,Investing,0,0,0,0,0.0,0.0,0.0,0.0,0,0,0,0,0,0.0,0,Micro
นักลงทุนหมายเลข6,Investing,7476,0,0,0,13636.0,0.0,0.0,0.0,33,0,0,0,7476,13636.0,33,Micro
อยากเป็นนักวางแผนการเงิน,Investing,7886,0,172,8,10346.0,0.0,383.0,92.0,199,0,28,18,8066,10821.0,245,Micro
Pragasit Thitaram Investor,Investing,141,0,0,0,16622.0,0.0,0.0,0.0,13,0,0,0,141,16622.0,13,Micro
เรื่องเงิน เข้าใจง่าย by ดร.ปิ่น,Investing,5049,0,0,0,8208.0,0.0,0.0,0.0,57,0,0,0,5049,8208.0,57,Nano
Invest Like A Pro,Investing,9718,0,0,0,156119.0,0.0,0.0,0.0,22,0,0,0,9718,156119.0,22,Macro
Sherstock Holmes,Investing,24406,0,0,0,109286.0,0.0,0.0,0.0,166,0,0,0,24406,109286.0,166,Macro
ทันหุ้น,Investing,120678,0,0,0,120406.0,0.0,0.0,0.0,2934,0,0,0,120678,120406.0,2934,Macro
อ่านงบการเงินไม่ยาก - Money Hero,Investing,0,0,0,32571,0.0,0.0,0.0,74100.0,0,0,0,94,32571,74100.0,94,Macro
Financial Times by Mongkol,Investing,5641,0,0,0,46013.0,0.0,0.0,0.0,161,0,0,0,5641,46013.0,161,Micro
TFPA,Investing,25217,0,0,0,15568.0,0.0,0.0,0.0,38,0,0,0,25217,15568.0,38,Micro
"ทำกำไรหุ้นด้วย ""ราคา&วอลลุ่ม"" by PV Trader",Investing,34379,0,0,0,49318.0,0.0,0.0,0.0,130,0,0,0,34379,49318.0,130,Micro
Club VI,Investing,40514,0,0,0,90978.0,0.0,0.0,0.0,111,0,0,0,40514,90978.0,111,Macro
Financial สบาย สบาย,Investing,1298,0,0,0,8514.0,0.0,0.0,0.0,10,0,0,0,1298,8514.0,10,Nano
อิป้าหามาเล่า - E'pa hamalao ล้วงลึกทุกการลงทุน หุ้น กองทุนรวม,Investing,16740,0,203,2,36976.0,0.0,385.0,74.0,311,0,135,1,16945,37435.0,447,Micro
นายปั้นเงิน,Investing,5884,0,0,0,40048.0,0.0,0.0,0.0,44,0,0,0,5884,40048.0,44,Micro
ซั่มหุ้น,Investing,19938,0,0,30,55338.0,0.0,0.0,4170.0,29,0,0,2,19968,59508.0,31,Micro
Thaibma : สมาคมตลาดตราสารหนี้ไทย,Investing,13119,7,0,0,38256.0,924.0,0.0,0.0,1129,6,0,0,13126,39180.0,1135,Micro
การลงทุน,Investing,78515,0,0,0,19472.0,0.0,0.0,0.0,659,0,0,0,78515,19472.0,659,Micro
